CINDY, , MADAY, , F, , 5/26/2002, , , 858 E 217TH STREET, PH, , , 10467, , , 
CINDY, , MADAY, , F, , 5/26/2002, 860-114-3089, 860-114-3089, 858 E 217TH STREET, PH, BRONX, NY, 10467, , , 
CINDY, , MADAY, , F, , 5/26/2002, 860-114-3089, 860-114-3089, 624 E 222 STREET, , BRONX, NY, 10467, , , 

BEATRICE, , DUCKWORTH, , F, , 7/9/1990, , , , , , , , , , 
BEATRICE, , DUCKWORTH, , F, , 7/9/1990, 570-818-5005, 212-745-9896^^570-818-5005, 890 TRINITY AVENUE, 9D, BRONX, NY, 10456, , , 
BEATRICE, , DUCKWORTH, , F, , 7/9/1990, 860-498-6338, 860-498-6338, 890 TRINITY AVENUE, 9D, BRONX, NY, 10456, , , 

GLORIA, , ACKLES, , F, , 11/22/1947, , , , , , , , , , 
GLORIA, , ACKLES, , F, , 11/22/1947, , , 890 FLUSHING AVENUE, 9, BROOKLYN, NY, 11206, , , 
GLORIA, , ACKLES, , F, , 11/22/1947, 212-356-4331, 631-403-4384^^212-356-4331, 890 FLUSHING AVENUE, 9, BROOKLYN, NY, 11206, , , 

LUCAS, , BACON, , M, , 3/13/2011, , , 1055 ESPLANADE3H, 3H, , , 10461, KWON, , 
LUCAS, , BACON, , M, , 3/13/2011, 347-938-8270, 848-483-9386^^347-938-8270, 1055 ESPLANADE AVENUE, 3H, BRONX, NY, 10451, , , 
LUCAS, , BACON, , M, , 3/13/2011, 347-938-8270, 347-938-8270, 1055 ESPLANADE3H, 3H, BRONX, NY, 10461, KWON, LBACON@AMGGT.COM, 

TIFFANY, , CARRUS, , F, , 5/11/1992, , , , , , , , , , 
TIFFANY, , CARRUS, , F, , 5/11/1992, 201-385-4390, 201-385-4390, 291 MALCOLM X BOULEVARD, 2D, BROOKLYN, NY, 11233, , , 
TIFFANY, , CARRUS, , F, , 5/11/1992, 201-385-4390, 201-385-4390, , , , , , , , 

ELIDA, , CASTELLANOS, , F, , 12/18/2009, , , 786 E149TH STREET, 2D, , , 10455, , , 
ELIDA, , CASTELLANOS, , F, , 12/18/2009, 934-529-2851, 934-529-2851, 115 E MOSHOLU PARKWAY, B24, BRONX, NY, 10467, , ECASTELLANOS@AMGGT.COM, 
ELIDA, , CASTELLANOS, , F, , 12/18/2009, 934-529-2851, 267-107-1805^^934-529-2851, 786 E149TH STREET, 2D, BRONX, NY, 10455, , , 

CHARLES, , KIMBROUGH, , M, , 5/5/2014, , , 2257 HAVILAND AVENUE, 1C, , , 10462, , , 
CHARLES, , KIMBROUGH, , M, , 5/5/2014, 551-598-3585, 570-966-3664^^551-598-3585, 2257 HAVILAND AVENUE, 1C, BRONX, NY, 10462, , , 
CHARLES, , KIMBROUGH, , M, , 5/5/2014, 551-598-3585, 551-598-3585, 2284 LACOMBE AVENUE, H, BRONX, NY, 10473, , , 

MARCELO, , MARSTON, , M, , 5/18/2002, , , , , , , , , , 
MARCELO, , MARSTON, , M, , 5/18/2002, 917-551-7571, 917-551-7571, 650 METROPOLITAN AVENUE, , BROOKLYN, NY, 11211, , , 
MARCELO, , MARSTON, , M, , 5/18/2002, 917-551-7571, 917-551-7571, , , , , , , MMARSTON@AMGGT.COM, 

DREW, , HAMPTON, , M, , 9/20/2009, , , , , , , , , , 
DREW, , HAMPTON, , M, , 9/20/2009, 203-594-6886, 203-594-6886, 15910 SANFORD AVENUE, , FLUSHING, NY, 11355, , , 
DREW, , HAMPTON, , M, , 9/20/2009, 203-594-6886, 203-594-6886, 15910 SANFORD AVENUE, 4 D, FLUSHING, NY, 11358, , DHAMPTON@AMGGT.COM, 

SALVADOR, , SANDRE, , M, , 2/16/2005, , , , , , , , , , 
SALVADOR, , SANDRE, , M, , 2/16/2005, 212-888-3498, 212-888-3498, , , , , , , , 
SALVADOR, , SANDRE, , M, , 2/16/2005, 212-888-3498, 212-888-3498, 1757 STORY AVENUE, 2B, BRONX, NY, 10473, , , 

PHILLIP, , RASCO, , M, , 4/23/1991, , , , , , , , , , 
PHILLIP, , RASCO, , M, , 4/23/1991, 609-754-3633, 609-754-3633, 1595 METROPOLITAN AVENUE, 6C, BRONX, NY, 10462, , , 
PHILLIP, , RASCO, , M, , 4/23/1991, 609-754-3633, 732-377-4402^^609-754-3633, HOMELESS, UNK, BROOKLYN, NY, 11235, , , 

ERICA, , HIRTH, , F, , 11/18/2003, , , 1595 EAST 174TH STREET, 3J, , , 10472, , , 
ERICA, , HIRTH, , F, , 11/18/2003, 212-229-3396, 212-229-3396, 1595 EAST 174TH STREET, 3J, BRONX, NY, 10472, , EHIRTH@AMGGT.COM, 
ERICA, , HIRTH, , F, , 11/18/2003, 212-229-3396, 212-229-3396, 1595 174 STREET, 3J, BRONX, NY, 10472, , , 

BARBARA, , RICE, , F, , 12/18/1997, , , , , , , , , , 
BARBARA, , RICE, , F, , 12/18/1997, 862-950-6848, 484-141-1777^^862-950-6848, , , , , , , , 
BARBARA, , RICE, , F, , 12/18/1997, 610-124-5816, 610-124-5816, 3152 HULL AVENUE, C3, BRONX, NY, 10467, , BRICE@AMGGT.COM, 

ANDREW, , HOGSETT, , M, , 5/10/2012, , , , , , , , , , 
ANDREW, , HOGSETT, , M, , 5/10/2012, 609-994-2065, 609-994-2065, 41 WEST 184TH STREET, 1D, BRONX, NY, 10468, , , 
ANDREW, , HOGSETT, , M, , 5/10/2012, 609-994-2065, 609-994-2065, 612 E 180TH STREET, 17, BRONX, NY, 10457, , , 

ARLENNE, , MEREDITH, , F, , 11/6/2002, , , 442 EAST105TH, 5B, , , 10029, , , 
ARLENNE, , MEREDITH, , F, , 11/6/2002, 609-901-1404, 609-901-1404, 442 EAST105TH, 5B, NEW YORK, NY, 10029, , , 
ARLENNE, , MEREDITH, , F, , 11/6/2002, 609-901-1404, 609-901-1404, 15448 HARLEM RIVER DRIVE, 4A, NY, NY, 10037, , , 

JORDAN, , HELMS, , M, , 7/24/1999, , , 481 E 140 TH STREET, 5B, , , 10454, , , 
JORDAN, , HELMS, , M, , 7/24/1999, 908-440-9020, 908-440-9020, 481 E 140 TH STREET, 5B, BRONX, NY, 10454, , , 
JORDAN, , HELMS, , M, , 7/24/1999, 908-440-9020, 908-440-9020, 1235 STRATFORD AVENUE, C, BRONX, NY, 10472, , , 

VICTOR, , JOHNSON, , M, , 8/1/2011, , , 16489 38TH STREET, PH, , , 11435, , , 
VICTOR, , JOHNSON, , M, , 8/1/2011, 347-190-8527, 347-190-8527, 16489 38TH STREET, PH, JAMAICA, NY, 11435, , , 
VICTOR, , JOHNSON, , M, , 8/1/2011, 347-190-8527, 347-190-8527, , , , , , , , 

YULUN, , MIAO, , M, , 6/21/2002, , , , , , , , , , 
YULUN, , MIAO, , M, , 6/21/2002, 203-566-6480, 203-566-6480, 2307 41ST STREET, 2L, LONG ISLAND CTY, NY, 11105, , YMIAO@AMGGT.COM, 
YULUN, , MIAO, , M, , 6/21/2002, 959-534-1986, 862-729-6153^^959-534-1986, 2307 41ST STREET, 2L, LONG ISLAND CTY, NY, 11105, , , 

JULIE, , JONES, , F, , 12/9/1992, , , , , , , , , , 
JULIE, , JONES, , F, , 12/9/1992, 917-691-3326, 929-927-3956^^917-691-3326, 14627 105 AVENUE, PH, JAMAICA, NY, 11435, , , 
JULIE, , JONES, , F, , 12/9/1992, 917-691-3326, 917-691-3326, 14627 105TH AVENUE, 1 FL, JAMAICA, NY, 11432, JONES, JJONES@AMGGT.COM, 

GORDON, , WILLARD, , M, , 9/13/1928, , , , , , , , , , 
GORDON, , WILLARD, , M, , 9/13/1928, 267-378-3475, 570-659-7852^^267-378-3475, 460 23ND AVENUE, 9:00 AM, NEW YORK, NY, 10016, , , 
GORDON, , WILLARD, , M, , 9/13/1928, 845-311-9259, 845-311-9259, 460 2ND AVENUE, 9:00 AM, NEW YORK, NY, 10016, KIRKWOOD, GWILLARD@AMGGT.COM, 

CARTER, , WILLIAMS, , M, , 6/27/2014, , , , , , , , , , 
CARTER, , WILLIAMS, , M, , 6/27/2014, 212-130-7955, 732-264-3956^^212-130-7955, , , , , , , , 
CARTER, , WILLIAMS, , M, , 6/27/2014, 212-130-7955, 212-130-7955, 535 W 48TH STREET, , NEW YORK, NY, 10036, , CWILLIAMS@AMGGT.COM, 

TABITHA, , MUKOKA, , F, , 5/5/2007, , , 465 EAST 10TH STREET, 9G, , , 10009, , , 
TABITHA, , MUKOKA, , F, , 5/5/2007, 934-487-6304, 934-487-6304, 465 EAST 10TH STREET, 9G, NEW YORK, NY, 10009, , , 
TABITHA, , MUKOKA, , F, , 5/5/2007, 934-487-6304, 934-487-6304, 219E 121ST, , NEW YORK, NY, 10035, , , 

ANGIE, , MEYER, , F, , 12/13/2000, , , 819 FDR DRIVE, 5A, , , 10009, , , 
ANGIE, , MEYER, , F, , 12/13/2000, 484-985-5817, 484-985-5817, 819 FDR DRIVE, 5A, NEW YORK, NY, 10009, , , 
ANGIE, , MEYER, , F, , 12/13/2000, 484-985-5817, 484-985-5817, 1225 FDR DRIVE, 6C, NEW YORK, NY, 10009, , , 

MAKAILEE, , JOHNSON, , F, , 10/16/1996, , , 260 CONVENT AVENUE, 6, , , 10031, , , 
MAKAILEE, , JOHNSON, , F, , 10/16/1996, 860-899-3753, 860-899-3753, 260 CONVENT AVENUE, 6, NEW YORK, NY, 10031, , , 
MAKAILEE, , JOHNSON, , F, , 10/16/1996, 860-899-3753, 860-899-3753, 120 WEST 138TH STREET, 2F, NEW YORK, NY, 10030, , , 

ALEXA, , PARK, , F, , 5/6/2007, , , 6037 69TH AVENUE, PH, , , 11385, , , 
ALEXA, , PARK, , F, , 5/6/2007, 631-213-6159, 631-213-6159, 6037 69TH AVENUE, PH, GLENDALE, NY, 11385, , , 
ALEXA, , PARK, , F, , 5/6/2007, 631-213-6159, 631-213-6159, 6037 69AVENUE, , GLENDALE, NY, 11385, , , 

JEFFERY, , HOFFERT, , M, , 8/14/1951, , , , , , , , , , 
JEFFERY, , HOFFERT, , M, , 8/14/1951, 201-741-3834, 201-741-3834, 2561 YOUNG AVENUE, PVT, BRONX, NY, 10469, , , 
JEFFERY, , HOFFERT, , M, , 8/14/1951, 551-765-6125, 959-202-5179^^551-765-6125, 3210 UNIVERSITY A, 5D, BRONX, NY, 10468, , , 

ALEXANDER, , COOPER, , M, , 12/10/2007, , , 911 SIMPSON STREET, 14, , , 10459, , , 
ALEXANDER, , COOPER, , M, , 12/10/2007, 845-927-2776, 845-927-2776, 971 WESTCHESTER AVENUE, 2A, BRONX, NY, 10459, , , 
ALEXANDER, , COOPER, , M, , 12/10/2007, 845-927-2776, 845-927-2776, 911 SIMPSON STREET, 14, BRONX, NY, 10459, , , 

KELLY, , MADDEN, , F, , 12/8/2004, , , 2575 MARION AVENUE, PH, , , 10458, , , 
KELLY, , MADDEN, , F, , 12/8/2004, 631-668-1409, 631-668-1409, 2575 MARION AVENUE, PH, BRONX, NY, 10458, , , 
KELLY, , MADDEN, , F, , 12/8/2004, 631-668-1409, 631-668-1409, 211 VERGASON AVENUE, 1, NORWICH, CT, 6360, , KMADDEN@AMGGT.COM, 

HAROLD, , KENNEDY, , M, , 12/5/2010, , , , , , , , , , 
HAROLD, , KENNEDY, , M, , 12/5/2010, 203-448-7524, 203-448-7524, , , , , , , , 
HAROLD, , KENNEDY, , M, , 12/5/2010, 203-448-7524, 203-448-7524, 85 COLUMBIA STREET, 5A, NEW YORK, NY, 10002, , HKENNEDY@AMGGT.COM, 

LUKE, , JACKSON, , M, , 3/21/2004, , , 2911 RADCLAS AVENUE, 2FLR, , , 10469, , , 
LUKE, , JACKSON, , M, , 3/21/2004, 934-320-3202, 934-320-3202, 2911 RADCLIFF AVENUE, 2 FL, BRONX, NY, 10469, , LJACKSON@AMGGT.COM, 
LUKE, , JACKSON, , M, , 3/21/2004, 934-320-3202, 934-320-3202, 2911 RADCLAS AVENUE, 2FLR, BRONX, NY, 10469, , , 

ROBERT, , YEUNG, , M, , 12/2/2006, , , 3420 30 STREET, 6H, , , 11106, , , 
ROBERT, , YEUNG, , M, , 12/2/2006, 934-192-1409, 934-192-1409, 14305 41 AVRNUE, 7G, FLUSHING, NY, 11355, , RYEUNG@AMGGT.COM, 
ROBERT, , YEUNG, , M, , 12/2/2006, 934-192-1409, 934-192-1409, 3420 30 STREET, 6H, LONG ISLAND CTY, NY, 11106, , , 

MICHAEL, , MILLER, , M, , 4/9/1993, , , 717 COSTER STREET, 4G, , , 10474, , , 
MICHAEL, , MILLER, , M, , 4/9/1993, 908-505-9602, 908-505-9602, 722 E181ST STREET, 3FL, BRONX, NY, 10457, , MMILLER@AMGGT.COM, 
MICHAEL, , MILLER, , M, , 4/9/1993, 908-505-9602, 908-505-9602, 717 COSTER STREET, 4G, BRONX, NY, 10474, , , 

JOHANNA, , COREY, , F, , 10/26/1994, , , 311 EAST 61ST STREET, 12, , , 10021, , , 
JOHANNA, , COREY, , F, , 10/26/1994, 516-731-9222, 516-731-9222, 2541 AQUEDUCT AVENUE, A6, BRONX, NY, 10468, , , 
JOHANNA, , COREY, , F, , 10/26/1994, 516-731-9222, 516-731-9222, 311 EAST 61ST STREET, 12, NEW YORK, NY, 10021, , JCOREY@AMGGT.COM, 

ELIJAH, , KARR, , M, , 12/28/2003, , , 85 EAST 43RDST, A3, , , 11203, , , 
ELIJAH, , KARR, , M, , 12/28/2003, 518-329-2388, 518-329-2388, 85 EAST 43RDST, A3, BROOKLYN, NY, 11203, , , 
ELIJAH, , KARR, , M, , 12/28/2003, 518-329-2388, 518-329-2388, 85 EAST 43RD STREET, A3, BROOKLYN, NY, 11203, , EKARR@AMGGT.COM, 

ANGELA, , WATKINSSZALA, , F, , 4/27/1997, , , 1275 GRAND CONCOURCE, 3 B, , , 10456, , , 
ANGELA, , WATKINSSZALA, , F, , 4/27/1997, 610-196-3594, 718-681-1904^^610-196-3594, 1272 GRAND CONCOURSE, 3V, BRONX, NY, 10456, , , 
ANGELA, , WATKINSSZALA, , F, , 4/27/1997, 610-196-3594, 610-196-3594, 1275 GRAND CONCOURCE, 3 B, BRONX, NY, 10456, , AWATKINSSZALA@AMGGT.COM, 

KAIDEN, , SALAMEH, , M, , 11/20/2011, , , , , , , , , , 
KAIDEN, , SALAMEH, , M, , 11/20/2011, 212-838-2095, 212-838-2095, 219 EAST 121 STREET, , NEW YORK, NY, 10035, , , 
KAIDEN, , SALAMEH, , M, , 11/20/2011, 212-838-2095, 212-838-2095, 219 EAST 121 STREET, , NEW YORK, NY, 10035, , , 

PRISCILLA, , RIVERA, , F, , 4/20/1995, , , 2927 VALENTINE AVENUE, 2B, , , 10458, , , 
PRISCILLA, , RIVERA, , F, , 4/20/1995, 518-269-9046, 518-269-9046, 2927 VALENTINE AVENUE, 2B, BRONX, NY, 10458, , , 
PRISCILLA, , RIVERA, , F, , 4/20/1995, 518-269-9046, 518-269-9046, 253 E 202ND STREET, 2E, BRONX, NY, 10458, , , 

MARY, , HAGER, , F, , 12/11/2002, , , , , , , , , , 
MARY, , HAGER, , F, , 12/11/2002, 551-943-6454, 551-943-6454, 1033 FAILE STREET, 5FL, BRONX, NY, 10459, , , 
MARY, , HAGER, , F, , 12/11/2002, 551-943-6454, 551-943-6454, 1040 FAILE STREET, , BRONX, NY, 10459, , , 

JOHN, , SWAN, , M, , 10/2/2014, , , 219 E 121 STREET, , , , 10035, , , 
JOHN, , SWAN, , M, , 10/2/2014, 610-876-9490, 610-876-9490, 219 E 121 STREET, , NEW YORK, NY, 10035, , , 
JOHN, , SWAN, , M, , 10/2/2014, 610-876-9490, 610-876-9490, MABON BUILDING, , NEW YORK, NY, 10035, , , 

RAMONA, , TURNER, , F, , 3/23/2015, , , 3144 DECATUR AVENUE, 3E, , , 10467, , , 
RAMONA, , TURNER, , F, , 3/23/2015, 631-849-7069, 631-849-7069, 277 E 207TH STREET, 4G, BRONX, NY, 10467, , , 
RAMONA, , TURNER, , F, , 3/23/2015, 631-849-7069, 631-849-7069, 3144 DECATUR AVENUE, 3E, BRONX, NY, 10467, , RTURNER@AMGGT.COM, 

JESUS, , BELANGER, , M, , 5/27/2010, , , , , , , , , , 
JESUS, , BELANGER, , M, , 5/27/2010, 718-479-7515, 718-479-7515, 1902 BEVERLY ROAD, 5G, BROOKLYN, NY, 11226, , , 
JESUS, , BELANGER, , M, , 5/27/2010, 718-479-7515, 718-479-7515, 1902 BEVERLY ROAD, 5G, BROOKLYN, NY, 11203, , , 

THO, , STOLTZ, , F, , 9/15/1996, , , 54 EVELYN PLACE, 4E, , , 10468, , , 
THO, , STOLTZ, , F, , 9/15/1996, 610-325-9380, 610-325-9380, 54 EVELYN PLACE, 4E, BRONX, NY, 10468, , TSTOLTZ@AMGGT.COM, 
THO, , STOLTZ, , F, , 9/15/1996, 610-325-9380, 610-325-9380, 600 E 137 STREET, 8 B, BRONX, NY, 10454, , , 

JAYSE, , MCINNIS, , M, , 11/23/2013, , , 2810 MORRIS AVENUE, 4C, , , 10468, , , 
JAYSE, , MCINNIS, , M, , 11/23/2013, 718-666-1520, 718-666-1520, 2810 MORRIS AVENUE, 4C, BRONX, NY, 10468, , , 
JAYSE, , MCINNIS, , M, , 11/23/2013, 718-666-1520, 718-666-1520, 2305 UNIVERSITY AVENUE, 1I, BRONX, NY, 10468, SMITHBALTHAZAR, JMCINNIS@AMGGT.COM, 

JANET, , MILLER, , F, , 4/16/1993, , , , , , , , , , 
JANET, , MILLER, , F, , 4/16/1993, 718-582-7588, 718-582-7588, 1131 OGDEN AVENUE, 2C, NEW YORK, NY, 10031, , , 
JANET, , MILLER, , F, , 4/16/1993, 718-582-7588, 718-582-7588, 1131 OGDEN AVENUE, 26C, BRONX, NY, 10452, , , 

DAMIEN, , MESSINA, , M, , 5/7/2006, , , , , , , , , , 
DAMIEN, , MESSINA, , M, , 5/7/2006, 860-279-6200, 860-279-6200, , , , , , , , 
DAMIEN, , MESSINA, , M, , 5/7/2006, 860-279-6200, 860-279-6200, 1600 HAZEN STREET, , FLUSHING, NY, 11370, , , 

WILLIAM, , BRYANT, , M, , 12/6/2007, , , , , , , , , , 
WILLIAM, , BRYANT, , M, , 12/6/2007, 973-978-7686, 973-978-7686, , , , , , , , 
WILLIAM, , BRYANT, , M, , 12/6/2007, 973-978-7686, 973-978-7686, , , , , , , , 

TANNER, , KISER, , M, , 8/1/2011, , , 4613 CLARENDON ROAD, PH, , , 11203, , , 
TANNER, , KISER, , M, , 8/1/2011, 610-226-9720, 610-226-9720, 456 SCHENECTADY AVENUE, 6Q, BROOKLYN, NY, 11203, , , 
TANNER, , KISER, , M, , 8/1/2011, 610-226-9720, 610-226-9720, 4613 CLARENDON ROAD, PH, BROOKLYN, NY, 11203, , TKISER@AMGGT.COM, 

NEVRESA, , TSCHERNICH, , F, , 7/20/2013, , , , , , , , , , 
NEVRESA, , TSCHERNICH, , F, , 7/20/2013, 516-719-6082, 516-719-6082, 2096 CONEY ISLAND, 3, BROOKLYN, NY, 11223, , , 
NEVRESA, , TSCHERNICH, , F, , 7/20/2013, 516-719-6082, 516-719-6082, 2096 CONEY ISLAND AVENUE, 3, BROOKLYN, NY, 11229, , NTSCHERNICH@AMGGT.COM, 

CARL, , FACEY, , M, , 9/19/2003, , , , , , , , , , 
CARL, , FACEY, , M, , 9/19/2003, 862-246-1982, 862-373-1684^^862-246-1982, 655 BURKE AVENUE, 6F, BRONX, NY, 10467, , , 
CARL, , FACEY, , M, , 9/19/2003, 862-746-3088, 862-746-3088, 655 BURKE AVENUE, 6F, BRONX, NY, 10467, , CFACEY@AMGGT.COM, 

AMAL, , MALAK, , F, , 12/20/1943, , , , , , , , , , 
AMAL, , MALAK, , F, , 12/20/1943, 860-939-4313, 860-939-4313, 1818 HAZEN STREET, , EAST ELMHURST, NY, 11370, , AMALAK@AMGGT.COM, 
AMAL, , MALAK, , F, , 12/20/1943, 848-981-8062, 973-704-7131^^848-981-8062, 316 W 97TH STREET, 33D, NEW YORK, NY, 10025, , , 

JACQUELINE, , FRANCHETTI, , F, , 3/7/1924, , , , , , , , , , 
JACQUELINE, , FRANCHETTI, , F, , 3/7/1924, 929-956-9358, 201-148-3811^^929-956-9358, 534 E 29 STREET, BSM, BROOKLYN, NY, 11210, , , 
JACQUELINE, , FRANCHETTI, , F, , 3/7/1924, 860-459-4968, 860-459-4968, 534 EAST 29TH STREET, PH, BROOKLYN, NY, 11210, , , 

TEMPERANCE, , MCCLAIN, , F, , 8/25/2007, , , 1184 EVERGREEN AVENUE, 3F, , , 10472, , , 
TEMPERANCE, , MCCLAIN, , F, , 8/25/2007, 848-557-2460, 848-557-2460, 875 MORRISON AVENUE, 1C, BRONX, NY, 10472, , , 
TEMPERANCE, , MCCLAIN, , F, , 8/25/2007, 848-557-2460, 848-557-2460, 1184 EVERGREEN AVENUE, 3F, BRONX, NY, 10472, , , 

JOSE, , BRAITHWAITE, , M, , 10/29/2012, , , , , , , , , , 
JOSE, , BRAITHWAITE, , M, , 10/29/2012, 610-522-1533, 610-522-1533, , , , , , , , 
JOSE, , BRAITHWAITE, , M, , 10/29/2012, 610-522-1533, 610-522-1533, 14130 PRSHNG CRESCENT, 4R, BRIARWOOD, NY, 11435, , JBRAITHWAITE@AMGGT.COM, 

TYLER, , NGUYEN, , M, , 11/8/2001, , , , , , , , , , 
TYLER, , NGUYEN, , M, , 11/8/2001, 201-418-9458, 201-418-9458, 935 S LONGBEACH AVENUE, PH, FREEPORT, NY, 11520, , , 
TYLER, , NGUYEN, , M, , 11/8/2001, 201-418-9458, 201-418-9458, 935 S LONGBEACH AVENUE, PH, FREEPORT, NY, 11520, , , 

DAVID, , ROBINSON, , M, , 6/18/2006, , , 2577 FREDOUGLAS BOULEVARD, , NEW YORK, NY, 10030, , , 
DAVID, , ROBINSON, JR, M, , 6/18/2006, 718-843-7429, , 2577 B FREDERICK DOUGLAS, PH, NY, NY, 10030, , DROBINSON@AMGGT.COM, 

KAYLA, , RAZANA, , F, , 9/20/1999, , , 3444 FISH AVENUE, , BRONX, NY, 10467, , , 
KAYLA, , RAZANA, , F, , 9/20/1999, 203-360-3085, , 1749 GRAND A, 3K, BRONX, NY, 10455, , KRAZANA@AMGGT.COM, 

VLADIMIR, , WARMOTH, , M, , 9/3/2002, , , , , , , , , , 
VLADIMIR, , WARMOTH, , M, , 9/3/2002, 732-129-4620, , 8916 175 STREET, 2F, JAMAICA, NY, 11432, , , 

BAILEY, , BOEHLE, , F, , 7/4/2003, , , 666 W 188 STREET, 46, NEW YORK, NY, 10040, , , 
BAILEY, , BOEHLE, , F, , 7/4/2003, 862-427-9828, , 666 WEST 188TH STREET, 46, NEW YORK, NY, 10040, , , 

INEZ, , CRUZ, , F, , 7/16/2008, , , 523 WEST 138 STREET, 1, NEW YORK, NY, 10031, , , 
INEZ, , CRUZ, , F, , 7/16/2008, 973-315-7647, , 614 WEST 136TH STREET, 33, NEW YORK, NY, 10031, , , 

MARY, , ACCOLA, , F, , 7/6/2007, , , 181 WEST 151 STREET, 213, NEW YORK, NY, 10039, , , 
MARY, , ACCOLA, , F, , 7/6/2007, 862-929-3938, , 181 W 151 STREET, 2B, NEW YORK, NY, 10039, , MACCOLA@AMGGT.COM, 

ZOE, , BUCKLEY, , F, , 12/21/1996, 959-430-7733, , 97 27 120TH STREET, , RICHMOND HILL, NY, 11419, , , 
ZOE, , BUCKLEY, , F, , 12/21/1996, , , 9729 120TH STREET, PH, RICHMOND HILL, NY, 11419, , ZBUCKLEY@AMGGT.COM, 

MICHAEL, , DELIA, , M, , 3/27/2000, , , 254 SEAMAN AVENUE, B11, NEW YORK, NY, 10034, , , 
MICHAEL, , DELIA, JR, M, , 3/27/2000, 973-419-6836, , 675 ACADEMY STREET, , NEW YORK, NY, 10034, , , 

KEVIN, , BUTLER, , M, , 12/4/1990, 973-181-2610, , , , , , , , , 
KEVIN, , BUTLER, , M, , 12/4/1990, , , 462 1ST AVENUE, , NEW YORK, NY, 10016, , KBUTLER@AMGGT.COM, 

VENESSA, , WILLIAMS, , F, , 11/15/2004, , , 952 ALDUS STREET, 3D, BRONX, NY, 10459, , , 
VENESSA, , WILLIAMS, , F, , 11/15/2004, 718-501-2180, , 135 WEST 183RD STREET, 2B, BRONX, NY, 10453, , , 

BRADY, , TASSIN, , M, , 6/25/2001, 848-178-6084, , 1200 HAVERMEYER AVENUE, BSMT, BRONX, NY, 10462, , , 
BRADY, , TASSIN, , M, , 6/25/2001, , , 3410 KINGSBRIDE AVENUE, 22D, BRONX, NY, 10468, , , 

OLIVIA, , HUSE, , F, , 3/4/1992, 959-128-4824, , 575 CASTLE HILL, 10K, BRONX, NY, 10473, , , 
OLIVIA, , HUSE, , F, , 3/4/1992, , , 575 CASTLE HILL AVENUE, 10K, BRONX, NY, 10473, , , 

NICOLE, , PALEF, , F, , 2/23/2012, 551-502-4968, , 427 W 51 STREET, 313, NEW YORK, NY, 10027, , , 
NICOLE, , PALEF, , F, , 2/23/2012, , , 16 WEST 111TH STREET, 1G, NEW YORK, NY, 10026, HOWARD, NPALEF@AMGGT.COM, 

EMMANUEL, , WILEY, , M, , 8/13/2006, , , 4848 BROADWAY, 3B, NEW YORK, NY, 10034, , , 
EMMANUEL, , WILEY, JR, M, , 8/13/2006, 631-238-5167, , 4848 BROADWAY AVENUE, 3B, NEW YORK, NY, 10034, , EWILEY@AMGGT.COM, 

CHLOE, , STEWART, , F, , 5/3/2006, , , , , , , , , , 
CHLOE, , STEWART, , F, , 5/3/2006, 908-738-2700, , , , , , , , , 

SAMUEL, , DENNING, , M, , 7/30/2013, 860-369-5058, , 7901 BWAY, , ELMHURST, NY, 11373, , , 
SAMUEL, , DENNING, , M, , 7/30/2013, , , 14085 CRESCENT STREET, PH, JAMAICA, NY, 11435, , SDENNING@AMGGT.COM, 

GINA, , JONES, , F, , 12/10/2001, 212-354-6005, , 3536 HULL AVENUE, 6K, BRONX, NY, 10467, , , 
GINA, , JONES, , F, , 12/10/2001, 917-154-6093, , 3288 PERRY AVENUE, 5H, BRONX, NY, 10467, , , 

STACEE, , FUENTES, , F, , 7/26/2006, 518-560-6996, , 2630 KINGBRIDGE TRAIL, 4C, BRONX, NY, 10463, , , 
STACEE, , FUENTES, , F, , 7/26/2006, , , 2630 KINGSBRIDGE TERRACE, 4B, BRONX, NY, 10463, , SFUENTES@AMGGT.COM, 

MAVERICK, , NUGENT, , M, , 10/3/2000, , , 50 EAST 168TH STREET, 513, BRONX, NY, 10452, , , 
MAVERICK, , NUGENT, JR, M, , 10/3/2000, 203-484-3354, , 50 E 168TH STREET, 513, BRONX, NY, 10452, , MNUGENT@AMGGT.COM, 

ABIGAIL, , WARONA, , F, , 7/27/2008, 862-929-9819, , , , , , , , , 
ABIGAIL, , WARONA, , F, , 7/27/2008, , , 3920 BRONX BOULEVARD, 5C, BRONX, NY, 10466, , AWARONA@AMGGT.COM, 

ANAVEL, , BOYLAN, , F, , 2/15/2002, 917-397-2732, , 1163 STRATFORD AVENUE, G, BRONX, NY, 10472, , , 
ANAVEL, , BOYLAN, , F, , 2/15/2002, , , 1056 BOYNTON AVENUE, 2C, BRONX, NY, 10472, , ABOYLAN@AMGGT.COM, 

KRISTAL, , DORSEY, , F, , 5/11/2008, 347-305-7158, , 724 E 160TH STREET, BM1, BRONX, NY, 10456, , , 
KRISTAL, , DORSEY, , F, , 5/11/2008, , , 724 EAST 160TH STREET, BSMT, BRONX, NY, 10456, , KDORSEY@AMGGT.COM, 

THOMAS, , DALE, , M, , 12/20/2005, , , 2650 MARION AVENUE, 2RN, BRONX, NY, 10458, , , 
THOMAS, , DALE, , M, , 12/20/2005, 347-755-3285, , 946 EAST 211TH STREET, 405, BRONX, NY, 10469, , , 

MELISSA, , POULSEN, , F, , 12/29/2009, 973-393-1642, , , , , , , , , 
MELISSA, , POULSEN, , F, , 12/29/2009, , , , , , , , , , 

STEVEN, , SHEPARD, , M, , 12/29/2011, 631-201-4187, , , , , , , , , 
STEVEN, , SHEPARD, , M, , 12/29/2011, , , , , , , , , , 

CHELSIE, , ANDERSON, , U, , 5/10/1999, 862-736-2926, , , , , , , , , 
CHELSIE, , ANDERSON, , F, , 5/10/1999, , , , , , , , , , 

HARRISON, , BEATTY, , M, , 10/13/2013, 860-770-9191, , , , , , , , , 
HARRISON, , BEATTY, , M, , 10/13/2013, , , 10416 212 STREET, PH, QNS VILLAGE, NY, 11429, , , 

JULIE, , CRYAN, , F, , 2/25/1999, 267-194-4301, , 1661 EAST 172 STREET, 1F, BRONX, NY, 10472, , , 
JULIE, , CRYAN, , F, , 2/25/1999, , , 1661 E 172ND STREET, 1, BRONX, NY, 10472, DANZLOPEZ, JCRYAN@AMGGT.COM, 

KATHLEEN, , JEFFCOAT, , F, , 3/8/1990, , , , , , , , , , 
KATHLEEN, , JEFFCOAT, , F, , 3/8/1990, 347-685-2070, , 835 UNDEHILL AVENUE, PH, BRONX, NY, 10473, , KJEFFCOAT@AMGGT.COM, 

ELMAS, , VAROL, , F, , 12/28/1997, 973-798-3208, , , , , , , , , 
ELMAS, , VAROL, , F, , 12/28/1997, , , , , , , , , EVAROL@AMGGT.COM, 

ANGEL, , MOLTER, , M, , 2/11/2008, 347-291-8714, , , , , , , , , 
ANGEL, , MOLTER, , M, , 2/11/2008, , , 520 ISHAM STREET, 43 B, NEW YORK, NY, 10034, , AMOLTER@AMGGT.COM, 

DAVID, , FIGUEROA, , M, , 4/3/2011, 484-229-7593, , 1181 TINTON AVENUE, 2B, BRONX, NY, 10456, , , 
DAVID, , FIGUEROA, , M, , 4/3/2011, , , 527 E 156 STREET, 527B, BRONX, NY, 10455, , , 

ERNEST, , THIBODEAUX, , M, , 3/10/2008, 929-224-9888, , , , , , , , , 
ERNEST, , THIBODEAUX, , M, , 3/10/2008, , , , , , , , , ETHIBODEAUX@AMGGT.COM, 

JAMES, , GUZMAN, , M, , 6/14/2002, 862-343-9619, , , , , , , , , 
JAMES, , GUZMAN, , M, , 6/14/2002, , , , , , , , , , 

JANET, , SIMS, , F, , 6/9/2001, 929-337-2694, , 301 WEST 150TH STREET, 5E, NEW YORK, NY, 10039, , , 
JANET, , SIMS, , F, , 6/9/2001, 484-273-3657, , 301 WEST 150ST, 5E, NEW YORK, NY, 10039, , , 

KAREN, , JOHNSON, , U, , 12/17/2007, 862-514-7575, , 219 E 121 STREET, , NEW YORK, NY, 10035, , , 
KAREN, , JOHNSON, , F, , 12/17/2007, 908-308-5960, , MABON BLDG 13, AGCY, NEW YORK, NY, 10035, , KJOHNSON@AMGGT.COM, ROSE QUARANTO 

DARRYL, , MCLIN, , M, , 10/25/2007, 929-398-7069, , 3039 KINGSLAND AVENUE, PH, BRONX, NY, 10469, , , 
DARRYL, , MCLIN, , M, , 10/25/2007, 908-177-5257, , 3332 CORSA AVENUE, N, BRONX, NY, 10469, , DMCLIN@AMGGT.COM, 

NANCY, , FERRIS, , F, , 8/2/2008, 267-322-3988, , 640 EAST 137TH STREET, 7A, BRONX, NY, 10454, , , 
NANCY, , FERRIS, , F, , 8/2/2008, 551-319-5485, , 640 E 137TH STREET, 7A, BRONX, NY, 10454, , , 

SONNI, , BERNARD, , M, , 2/11/2004, 973-102-1788, , 1817 STORY AVENUE, 1E, BRONX, NY, 10473, , , 
SONNI, , BERNARD, , M, , 2/11/2004, 516-142-9760, , 1790 STORY AVENUE, 3D, BRONX, NY, 10473, , , 

HORTENCIA, , GARCIA, , F, , 2/15/2008, 732-158-3754, , 8531 168 STREET, PH, JAM, NY, 11432, , , 
HORTENCIA, , GARCIA, , F, , 2/15/2008, 732-713-1032, , 8815 168 STREET, 5 U, JAMAICA, NY, 11432, FIELDS, HGARCIA@AMGGT.COM, 

JUSTIN, , CONNER, , M, , 7/10/2006, 516-482-7237, , 11617 109 AVENUE, PH, SOUTH OZONE PARK, NY, 11420, , , 
JUSTIN, , CONNER, , M, , 7/10/2006, 929-984-5918, , 11617 109TH AVENUE, PH, SO OZONE PK, NY, 11420, , JCONNER@AMGGT.COM, 

SHAWNDAL, , MARTIN, , F, , 2/20/2007, 862-189-6028, , 9039 143 STREET, 2FL, JAMAICA, NY, 11435, , , 
SHAWNDAL, , MARTIN, , F, , 2/20/2007, 959-540-1219, , 19005 HILLSIDE AVENUE, 6C, HOLLIS, NY, 11423, , , 

ANDY, , RAMBACHER, , M, , 4/21/1992, 973-990-3753, , 1641 OVERING STREET, 1, BRONX, NY, 10461, , , 
ANDY, , RAMBACHER, , M, , 4/21/1992, 934-607-8191, , 2313 LAFAYETTE AVENUE, 473, BRONX, NY, 10472, , ARAMBACHER@AMGGT.COM, 

AVA, , PARKER, , F, , 11/17/1978, 848-212-2334, , 219 E 121 STREET, , NEW YORK, NY, 10035, , , 
AVA, , PARKER, , F, , 11/17/1978, 732-628-4064, , 1818 HAZEN STREET, AMKC, FLUSHING, NY, 11370, , , 

SUSAN, , CAPLES, , F, , 6/28/2006, 934-264-9513, , , , , , , , , 
SUSAN, , CAPLES, , F, , 6/28/2006, 347-831-8254, , 1360 NELSON AVENUE, 5C, BRONX, NY, 10452, , , 

CORY, , WILSON, , M, , 11/15/2011, 201-322-4136, , , , , , , , CWILSON@AMGGT.COM, COY DANIEL CERVANTEZ 
CORY, , WILSON, , M, , 11/15/2011, 267-312-2884, , 219 E121ST, , NEW YORK, NY, 10035, , , 

TRACY, , RAGONE, , F, , 5/10/2004, 848-892-5129, , UNDOMICLE, , BRONX, NY, 10460, , , MARIA BARRETOLYNCH 
TRACY, , RAGONE, , F, , 5/10/2004, 203-103-5094, , 4013 DEREIMER AVENUE, PH, BRONX, NY, 10466, , TRAGONE@AMGGT.COM, 

JAZZLYNN, , GALATIANOS, , F, , 8/18/1977, 862-581-1492, , 1236 VIRGINIA AVENUE, 3T, BRONX, NY, 10472, , JGALATIANOS@AMGGT.COM, 
JAZZLYNN, , GALATIANOS, , F, , 8/18/1977, 934-686-6584, , 1244 VIRGINIA AVENUE, 3T, BRONX, NY, 10472, , , 

VICTOR, , EVANS, , M, , 5/20/1991, 609-182-3723, , 200 WEST 119TH STREET, 2, NY, NY, 10026, , , 
VICTOR, , EVANS, , M, , 5/20/1991, 973-972-5903, , 255 WEST 127TH STREET, 10E, NEW YORK, NY, 10027, , VEVANS@AMGGT.COM, 

ASTRAD, , SHANNON, , F, , 12/18/1948, 551-462-4289, , 1930 WALLACE AVENUE, BSMT, BRONX, NY, 10462, , , 
ASTRAD, , SHANNON, , , , 12/18/1948, 212-464-7591, , 11 METROPOLITAN OVAL, 6G, BRONX, NY, 10462, , , 

TAYLOR, , LENZ, , F, , 8/12/2012, 609-602-2369, , 8815 168 STREET, 5B, JAMAICA, NY, 11432, , , 
TAYLOR, , LENZ, , F, , 8/12/2012, 203-523-9263, , 16640 89TH AVENUE, 1A, JAMAICA, NY, 11432, , TLENZ@AMGGT.COM, 

LEVI, , PARKERSON, , M, , 4/17/1931, 917-807-2682, , 858 E 223RD STREET, 2, BRONX, NY, 10466, , , 
LEVI, , PARKERSON, , M, , 4/17/1931, 917-712-5643, , 381 E151ST STREET, 4, BRONX, NY, 10455, , , 

BRANDON, , ERDMANN, , M, , 4/9/2015, 860-970-5500, , 4134 WICKHAM AVENUE, 1A, BRONX, NY, 10466, , , 
BRANDON, , ERDMANN, , M, , 4/9/2015, 860-221-9133, , 3318 PERRY AVENUE, 1D, BRONX, NY, 10467, , BERDMANN@AMGGT.COM, 

SUSAN, , JOHNSON, , F, , 2/10/2004, 201-769-6471, , 60 NEIGO AVENUE, 9E, NEW YORK, NY, 10040, , SJOHNSON@AMGGT.COM, 
SUSAN, , JOHNSON, , F, , 2/10/2004, 848-626-4007, , 60 NAGLE AVENUE, 9F, NEW YORK, NY, 10040, , , 

BAILEY, , WHITMORE, , F, , 12/2/1934, 570-278-7037, , 338 E149TH STREET, 6F, BRONX, NY, 10451, , BWHITMORE@AMGGT.COM, 
BAILEY, , WHITMORE, , F, , 12/2/1934, 959-438-4699, , 338 E 145 STREET, 6F, BRONX, NY, 10451, , , 

BENJAMIN, , DEJESUS, , M, , 6/18/1946, 718-576-3079, , 1460 MACOMBS ROAD, 2P, BRONX, NY, 10452, , , 
BENJAMIN, , DEJESUS, , U, , 6/18/1946, 973-623-9841, , PT NO ANSWER AT REGIS, , BRONX, NY, 10451, , , 

FRANCISCO, , CHACKO, , M, , 2/12/1950, 718-435-2375, , 26 VALL STREET, 3FL, NEW BEDFORD, MA, 2744, , , 
FRANCISCO, , CHACKO, , M, , 2/12/1950, 631-865-8651, , 566 E 187 STREET, 17, BRONX, NY, 10458, , FCHACKO@AMGGT.COM, 

DUSTIN, , SALA, , M, , 8/9/2003, 609-949-6926, , 300 E 158TH STREET, , BRONX, NY, 10451, , , 
DUSTIN, , SALA, , M, , 8/9/2003, 518-708-6987, , 300 E 158 STREET, 5E, BRONX, NY, 10451, , , 

CONNER, , KAUFFMAN, , M, , 9/15/2006, 609-793-4787, , 1405 ATERDAM AVENUE, 12, NEW YORK, NY, 10027, , , 
CONNER, , KAUFFMAN, , M, , 9/15/2006, 516-663-8940, , 1405 AMSTERDAM AVENUE, 12, NEW YORK, NY, 10027, , CKAUFFMAN@AMGGT.COM, 

MATT, , STEPHENSON, , M, , 9/26/2005, 860-715-7522, , 870 EAST 162 STREET, 3B, BRONX, NY, 10459, , MSTEPHENSON@AMGGT.COM, 
MATT, , STEPHENSON, , M, , 9/26/2005, 201-756-3246, , , , , , , , , 

SHYLAH, , SLATER, , U, , 12/5/2007, 718-346-4699, , 1230 WHEELER AVENUE, 2, BRONX, NY, 10472, , , 
SHYLAH, , SLATER, , F, , 12/5/2007, 267-387-6038, , 1217 WARD AVENUE, BSMT, BRONX, NY, 10472, WRIGHT, SSLATER@AMGGT.COM, 

CYNTHIA, , HODGES, , F, , 12/30/2013, 610-416-5306, , 9023 149 STREET, 3K, JAMAICA, NY, 11435, , , 
CYNTHIA, , HODGES, , F, , 12/30/2013, 201-194-8012, , 2540 23RD STREET, 7, LONG ISLANS CTY, NY, 11102, , , 

JAMES, , THOMSEN, , M, , 4/9/2012, 862-815-3614, , 13905 90TH AVENUE, 7, JAMAICA, NY, 11434, , , 
JAMES, , THOMSEN, , M, , 4/9/2012, 000-000-0000, , 14847 88 AVENUE, 1FL, JAMAICA, NY, 11432, , , 

SHALEENA, , HALL, , F, , 3/14/2006, 609-590-2665, , 103109 WEST 141 STREET, M, NEW YORK, NY, 10030, , , 
SHALEENA, , HALL, , F, , 3/14/2006, 3333333333, , 103109 W141 STREET, 63, NEW YORK, NY, 10030, , SHALL@AMGGT.COM, 

JULIAN, , CRANFORD, , M, , 5/4/2010, 908-167-7483, , 17811 137TH AVENUE, , JAMAICA, NY, 11434, , , 
JULIAN, , CRANFORD, , M, , 5/4/2010, 444-444-4444, , 17811 137 AVENUE, PH, JAMAICA, NY, 11434, , , 

KEEGAN, , INGRAM, , M, , 6/25/2012, 610-598-2981, , 694 EAST 149TH STREET, 9E, BRONX, NY, 10455, , , 
KEEGAN, , INGRAM, , M, , 6/25/2012, 222-222-2222, , 694 E 149TH STREET, 9E, BRONX, NY, 10455, , , 

EDUARDO, , TAYLOR, , M, , 11/1/2012, 862-704-2513, , , , , , , , , 
EDUARDO, , TAYLOR, , M, , 11/1/2012, 1111111111, , 1000 GRAND COUCOURSE, , BRONX, NY, 10451, , ETAYLOR@AMGGT.COM, 

DANIEL, , IPPOLITO, , M, , 5/24/2005, 484-444-1030, , 421 E168 STREET, 8 D, BRONX, NY, 10452, , , 
DANIEL, , IPPOLITO, , M, , 5/24/2005, 333-333-3333, , 49 WEST 225TH STREET, 8H, BRONX, NY, 10463, , , 

KELLY, , BENNETT, , F, , 8/2/2008, 444-444-4444, , 3881 SEDGWICK, 3C, BRONX, NY, 10463, , , 
KELLY, , BENNETT, , F, , 8/2/2008, 631-403-1757, , 3881 SEDGWICK AVENUE, 3C, BRONX, NY, 10463, , , 

RODRIGO, , BLESSING, , M, , 10/21/2014, 2222222222, , 1674 MACOMBS ROAD, 6E, BRONX, NY, 10453, , , 
RODRIGO, , BLESSING, , M, , 10/21/2014, 973-630-4145, , 1674 MACOMBS AVENUE, 6E, BRONX, NY, 10453, , , 

ANDREA, , CLARK, , F, , 10/5/1931, 000-000-0000, , 2019 YATES AVENUEBSMT, BSMT, BRONX, NY, 10461, , , 
ANDREA, , CLARK, , F, , 10/5/1931, 973-841-1196, , 1834 MULFORD AVENUE, PH, BRONX, NY, 10461, , , 

CASSIE, , ROSE, , F, , 7/24/2002, 222-222-2222, , 1321 HARROD AVENUE, BSMT, BRONX, NY, 10472, SALANT, CROSE@AMGGT.COM, 
CASSIE, , ROSE, , F, , 7/24/2002, 610-518-7081, , , , , , , , , CYNTHIA L HUFFORD 

LARRY, , STICKLES, , M, , 3/29/2015, 516-597-7566, , 1880 LAFAYETTE AVENUE, 9H, BRONX, NY, 10473, , , 
LARRY, , STICKLES, , M, , 3/29/2015, 6666666666, , 120 W 138TH STREET, 4F, NEW YORK, NY, 10030, , , 

SHEILA, , MORENOSIMUNOVIC, , F, , 7/18/2009, 845-449-5847, , 317 EAST 152 STREET, 3, BRONX, NY, 10455, , , 
SHEILA, , MORENOSIMUNOVIC, , F, , 7/18/2009, 555-555-5555, , 377 E 152 STREET, 3, BRONX, NY, 10455, , , 

DARCY, , MYERS, , F, , 4/27/2009, 123-456-7890, , 3542 WILLET AVENUE, PH, BRONX, NY, 10465, , DMYERS@AMGGT.COM, 
DARCY, , MYERS, , F, , 4/27/2009, 732-292-4562, , 160 WATER STREET, , NEW YORK, NY, 10038, , , 

LUCAS, , HOLLIER, , M, , 5/28/2007, 718-194-8933, , , , , , , , , 
LUCAS, , HOLLIER, , M, , 5/28/2007, 333-333-3333, , , , , , , OLDING, LHOLLIER@AMGGT.COM, 

JOSE, , OWEN, , M, , 6/14/1948, 222-222-2222, , 8922 169 STREET, PH, JAMAICA, NY, 11432, , , 
JOSE, , OWEN, , M, , 6/14/1948, 518-938-5225, , 8922 169TH STREET, 1FL, JAMAICA, NY, 11432, , , 

KYLIE, , CAPRI, , F, , 12/19/2010, 848-963-2548, , 219 EAST 121 STREET, , NEW YORK, NY, 10035, , , 
KYLIE, , CAPRI, , F, , 12/19/2010, 0, , 219 EAST 121ST STREET, , NEW YORK, NY, 10035, , , 

CARL, , ANAYAESCOBAR, , M, , 5/29/2008, 212-771-8231, , 225 W 232 ROAD STREET, 2K, BRONX, NY, 10463, , , 
CARL, , ANAYAESCOBAR, , M, , 5/29/2008, 6666666666, , 225 W 232ND STREET, 2K, BRONX, NY, 10463, , CANAYAESCOBAR@AMGGT.COM, 

KRISTA, , GONZALEZ, , F, , 6/12/2002, 845-247-5303, , 2137 GLEBE AVENUE, 1R, BRONX, NY, 10462, , , 
KRISTA, , GONZALEZ, , F, , 6/12/2002, 666-666-6666, , 2137 GLEBE A, 1R, BRONX, NY, 10462, , KGONZALEZ@AMGGT.COM, 

PAMMY, , HOY, , F, , 9/15/2011, 4444444444, , 217 E 182ND STREET, 1C, BRONX, NY, 10457, , , 
PAMMY, , HOY, , F, , 9/15/2011, 3333333333, , 217 EAST 182ND STREET, 1C, BRONX, NY, 10457, , PHOY@AMGGT.COM, 

RYKER, , GANNAWAY, , M, , 9/12/1947, 4444444444, , 10036 203RD STREET, PH, HOLLIS, NY, 11423, , , 
RYKER, , GANNAWAY, , M, , 9/12/1947, 5555555555, , 21502 99TH AVENUE, PVT, QNS VILLAGE, NY, 11429, , , 

YULISSA, , CRUZ, , F, , 8/3/1968, 5555555555, , 80 MCCLELLAN STREET, , BRONX, NY, 10452, , , 
YULISSA, , CRUZ, , F, , 8/3/1968, 4444444444, , 2085 VALENTINE AVENUE, 5A, BRONX, NY, 10457, , , 

MELISSA, , COBB, , F, , 10/24/1935, 666-666-6666, , 3145 NEW ENGLAND THRUWAY, PH, BRONX, NY, 10469, , , 
MELISSA, , COBB, , F, , 10/24/1935, 555-555-5555, , 3145 NEW ENGLAND THRU, PH, BRONX, NY, 10469, , , 

JOSEPH, , ESPOSITO, , M, , 4/9/2009, 9999999999, , 1331 ELDER AVENUE, , BRONX, NY, 10462, , , 
JOSEPH, , ESPOSITO, , M, , 4/9/2009, 8888888888, , 2427 WEBSTER AVENUE, E14, BRONX, NY, 10458, , , 

JENNIFER, , COSTELLA, , F, , 12/7/2015, 1111111111, , 10021E ASCH LOOP, 21E, BRONX, NY, 10475, , JCOSTELLA@AMGGT.COM, 
JENNIFER, , COSTELLA, , F, , 12/7/2015, 2222222222, , UNKOWN, UNK, BRONX, NY, 10462, , , 

FLOYD, , DECOSTA, , M, , 4/16/2010, 6666666666, , , , , , , , , 
FLOYD, , DECOSTA, , M, , 4/16/2010, 5555555555, , 11281 BEDELL, PH, JAMAICA, NY, 11434, , , 

RODNEY, , TASHJIAN, , M, , 10/30/2008, 123-456-7890, , 180 BROOK AVENUE, 13F, BRONX, NY, 10454, , , 
RODNEY, , TASHJIAN, , M, , 10/30/2008, 999-999-9999, , 2102 74TH STREET, 4D, BROOKLYN, NY, 11204, , , 

JOYCE, , GULOTTA, , F, , 2/6/2007, 7777777777, , 1194 NELSON AVENUE, 1H, BRONX, NY, 10452, , , 
JOYCE, , GULOTTA, , F, , 2/6/2007, 8888888888, , 1275 EDWARD L GRANT HIGH, 4 I, BRONX, NY, 10452, , , 

ABBIGAIL, , BARAN, , U, , 9/14/2005, 666-666-6666, , 932 BRONX PARK SOUTH, 2F, BRONX, NY, 10460, , , 
ABBIGAIL, , BARAN, , F, , 9/14/2005, 555-555-5555, , 1195 FULTON AVENUE, 3A, BRONX, NY, 10456, RUSSO, ABARAN@AMGGT.COM, 

NUSRET, , ATNIP, , M, , 2/22/2005, 666-666-6666, , 690 E 182 STREET, , BRONX, NY, 10457, , , 
NUSRET, , ATNIP, , M, , 2/22/2005, 555-555-5555, , 690 EAST 182 STREET, 3G, BRONX, NY, 10457, GONZALES, NATNIP@AMGGT.COM, 

REBECCA, , HEARD, , F, , 12/5/1992, 222-222-2222, , 2965 MARION AVENUE, 5C, BRONX, NY, 10458, , , 
REBECCA, , HEARD, , , , 12/5/1992, 111-111-1111, , 1040 METCALF AVENUE, 2, BRONX, NY, 10472, , RHEARD@AMGGT.COM, 

RONALD, , GRANT, , M, , 10/25/1942, 201-381-3285, , 505 WEST 141TH STREET, 7, NY, NY, 10031, , , 
RONALD, , GRANT, , M, , 12/17/1971, 201-381-3285, , 505 W 141 STREET, 7, NY, NY, 10031, , , 

ERICA, , WOODALL, , F, , 2/15/1982, 848-664-3145, , 10012 4OTH ROAD, PH, CORONA, NY, 11368, , EWOODALL@AMGGT.COM, 
ERICA, , WOODALL, , F, , 10/22/2008, 848-664-3145, , 11012 40TH ROAD, PH, CORONA, NY, 11368, , , 

MICAH, , CHAMPLIN, , M, , 5/3/1967, 732-684-4358, , 618 ST LAWRENCE AVENUE, 3FL, BRONX, NY, 10473, , MCHAMPLIN@AMGGT.COM, 
MICAH, , CHAMPLIN, , M, , 10/20/1948, 732-684-4358, , 618 STREET LAWRENCE, 3RD, BRONX, NY, 10473, , , 

AHMED, , AMIN, , M, , 12/19/1944, 201-332-7543, , 8561 159TH STREET, PH, JAMAICA, NY, 11432, , , 
AHMED, , AMIN, , M, , 10/20/1920, 201-332-7543, , , , , , , , , 

JAMES, , CASTANEDA, , M, , 10/9/1976, 732-460-4098, , 215 E 164 STREET, 6T, BRONX, NY, 10456, , , 
JAMES, , CASTANEDA, , M, , 6/11/1998, 732-460-4098, , 215 EAST 164TH STREET, 6T, BRONX, NY, 10458, , JCASTANEDA@AMGGT.COM, 

ARNOLD, , FRICKE, , M, , 12/23/1939, 212-161-6480, , 1002 E 167TH STREET, 3E, BRONX, NY, 10459, , AFRICKE@AMGGT.COM, 
ARNOLD, , FRICKE, , M, , 10/21/1920, 212-161-6480, , 1169 STRARFORD AVENUE, D, BRONX, NY, 10472, , , 

TRISTIAN, , CANTU, , M, , 10/15/1920, 917-758-6940, , NORTH CENTRAL BRONX, , BRONX, NY, 10467, , , 
TRISTIAN, , CANTU, , M, , 12/27/1945, 917-758-6940, , 91 E 208 STREET, 4A, BRONX, NY, 10467, , , 

LOLA, , COOK, , F, , 10/22/1986, 516-892-7562, , 17109 84TH ROAD, PH, JAMAICA, NY, 11432, , , 
LOLA, , COOK, , F, , 12/16/2013, 516-892-7562, , 8750 KINGSTON PLACE, 4G, JAMAICA, NY, 11432, , , 

LEON, , DUKES, , M, , 7/19/1993, 845-535-5846, , 2520 WEBB AVENUE, BSMT, BRONX, NY, 10468, CUOZZO, LDUKES@AMGGT.COM, 
LEON, , DUKES, , M, , 10/6/2012, 845-535-5846, , 2518 WEBB AVENUE, BSMT, BRONX, NY, 10468, , , 

BRAIN, , FINNERTY, , M, , 9/13/1998, 570-864-7560, , 60 ST NICHOLAS AVENUE, 4B, NY, NY, 10026, , , 
BRAIN, , FINNERTY, , M, , 10/10/1960, 570-864-7560, , 60 STREET NICHOLAS, 4 B, NEW YORK, NY, 10026, , , 

DUSTIN, , HOPKINS, , M, , 10/10/2006, 959-308-9684, , 1165 PUGSLEY AVENUE, PH, BRONX, NY, 10472, , , 
DUSTIN, , HOPKINS, , M, , 3/19/1981, 959-308-9684, , 1919 MCGRAW AVENUE, 11H, BRONX, NY, 10472, , DHOPKINS@AMGGT.COM, 

MYLES, , BOND, , M, , 10/1/1967, 929-392-3098, , 2181 BARNES AVENUE, 1D, BRONX, NY, 10462, , , 
MYLES, , BOND, , M, , 12/19/1992, 929-392-3098, , 1245 FINDLAY AVENUE, 5B, BRONX, NY, 10456, , MBOND@AMGGT.COM, 

DONNA, , WALTERS, , F, , 10/10/1980, 862-961-4057, , 12814 FRANCIS LEWIS BLV, , LAURELTON, NY, 11413, , , 
DONNA, , WALTERS, , F, , 2/22/2007, 862-961-4057, , 12814 FRANCIS LEWIS BVD, PH, LAURELTON, NY, 11413, , DWALTERS@AMGGT.COM, 

NORMA, , TODD, , F, , 10/21/2003, 917-696-2352, , ENTER POINTS ADRS, 3E, BRONX, NY, 10462, , , 
NORMA, , TODD, , , , 12/19/1985, 917-696-2352, , 2095 CRUGER AVENUE3E, , BRONX, NY, 10462, , NTODD@AMGGT.COM, 

TASHARA, , SIMPSON, , F, , 10/1/1994, 203-755-4167, , 365 FORD AVENUE, , BRONX, NY, 10457, , , 
TASHARA, , SIMPSON, , F, , 12/29/1961, 203-755-4167, , 365 FORD STREET, 9CS, BRONX, NY, 10457, BOROWIEC, TSIMPSON@AMGGT.COM, 

JULIANNA, , SILVERMAN, , F, , 10/11/2013, 551-658-8747, , 117 WEST 116 STREET, 2C, NEW YORK, NY, 10026, , , 
JULIANNA, , SILVERMAN, , F, , 12/16/1993, 551-658-8747, , 116 WEST 117TH STREET, 2C, NEW YORK, NY, 10026, , JSILVERMAN@AMGGT.COM, 

NORMA, , EGBERT, , F, , 10/12/1999, 551-783-6236, , 2985 BOTANACLE GDN STREET, 2A, BRONX, NY, 10459, , , 
NORMA, , EGBERT, , F, , 9/4/1954, 551-783-6236, , 1030 REV JAMES POLITE, 3D, BRONX, NY, 10459, , NEGBERT@AMGGT.COM, 

QIUXIA, , GAO, , F, , 10/1/1932, 516-687-2651, , 3325 92 STREET, 5D, JACK HTS, NY, 11372, , , 
QIUXIA, , GAO, , F, , 12/26/1961, 516-687-2651, , , , , , , MUENCH, QGAO@AMGGT.COM, 

RAYMOND, , ALBERT, , M, , 9/16/1979, 862-633-9904, , 720 STREET MARYS, 5C, BRONX, NY, 10454, , , 
RAYMOND, , ALBERT, , M, , 11/18/2011, 862-633-9904, , 720 STMARYS STREET, 5C, BRONX, NY, 10454, , RALBERT@AMGGT.COM, 

MEGAN, , COLLIS, , F, , 10/8/1979, 484-682-9746, , , , , , , , , 
MEGAN, , COLLIS, , F, , 5/19/2008, 484-682-9746, , 1260 SEGWICK AVENUE, , BRONX, NY, 10452, , MCOLLIS@AMGGT.COM, 

RAQUEL, , VASINKEVICH, , F, , 10/13/1975, 973-823-2544, , , , , , , , , 
RAQUEL, , VASINKEVICH, , F, , 2/19/1993, 973-823-2544, , 462 FIRST AVENUE, , NEW YORK, NY, 10016, , RVASINKEVICH@AMGGT.COM, 

GENESIS, , AZOR, , F, , 10/17/1967, 934-869-2625, , 16605 HIGHLAND AVENUE 2G, HOSP, JAMAICA, NY, 11432, , , 
GENESIS, , AZOR, , F, , 2/2/2005, 934-869-2625, , 8706 167TH STREET, PH, JAMAICA, NY, 11432, , , 

KARLA, , MCMAHAN, , F, , 10/28/1980, 516-348-3674, , 372 EAST 154 STREET, 3, BRONX, NY, 10455, , , 
KARLA, , MCMAHAN, , F, , 9/11/2009, 516-348-3674, , 372 E 154TH STREET, B, BRONX, NY, 10455, , KMCMAHAN@AMGGT.COM, 

AYESHA, , BRAVE, , F, , 10/23/1974, 609-393-3237, , 219 E 121 STREET, , NY, NY, 10035, , , 
AYESHA, , BRAVE, , F, , 12/23/2006, 609-393-3237, , 219 EAST 121TH STREET, AGCY, NEW YORK, NY, 10035, MERHAI, ABRAVE@AMGGT.COM, 

CRYSTAL, , DARROW, , F, , 10/18/1960, 484-632-7540, , 6604 111TH STREET, 2A, FLUSHING, NY, 11375, , , 
CRYSTAL, , DARROW, , F, , 3/8/1960, 484-484-9683, , 6604 111TH STREET, 3, FLUSHING, NY, 11375, FELIX, CDARROW@AMGGT.COM, 

ROSEMARIE, , PAGLIARI, , F, , 12/7/1984, 609-290-6366, , 24528 148 DRIVE, PH, ROSEDALE, NY, 11422, , RPAGLIARI@AMGGT.COM, 
ROSEMARIE, , PAGLIARI, , F, , 10/16/2008, 610-685-7152, , 24528 148 DRIVE, PH, ROSEDALE, NY, 11422, , , 

RENATA, , DUNN, , F, , 10/23/1986, 718-112-4523, , 2440 TIEBOUT AVENUE, 2A, BRONX, NY, 10458, , , 
RENATA, , DUNN, , F, , 12/17/2014, 718-708-6380, , 2440 TIEBOUT AVENUE, 21A, BRONX, NY, 10458, , RDUNN@AMGGT.COM, 

SASHA, , TOWNSEND, , F, , 5/1/1987, 551-221-5473, , 1360 PLIMPTON AVENUE, E, BRONX, NY, 10452, , , 
SASHA, , TOWNSEND, , F, , 10/2/2005, 732-143-2142, , 1360 PLIMPTON AVENUE, E, BRONX, NY, 10452, , , 

GREGORY, , REIDY, , M, , 10/29/1993, 929-162-8791, , 941 HOE AVENUE, 3Q, BRONX, NY, 10459, , , 
GREGORY, , REIDY, , M, , 12/14/1960, 908-215-8306, , 941 HOE AVENUE, 3Q, BRONX, NY, 10459, FAULKNER, GREIDY@AMGGT.COM, 

JENNIFER, , SIMEK, , F, , 6/24/1988, 929-362-8554, , 1243 FINDLAY AVENUE, 3F, BRONX, NY, 10456, , JSIMEK@AMGGT.COM, 
JENNIFER, , SIMEK, , F, , 10/12/1970, 201-920-1777, , 1243 FINDLAY AVENUE, 3F, BRONX, NY, 10456, , , 

TERESA, , ZAKOWSKI, , F, , 8/29/1993, 917-479-6489, 917-479-6489, 8809 148TH STREET, 5 D, JAMAICA, NY, 11435, , , 
LATOYA, , ZAKOWSKI, , F, , 8/29/1993, 917-479-6489, 732-876-1915^^917-479-6489, 8809 148 ROAD, 5D, JAMAICA, NY, 11435, , , FANG CHIN CHIANG 

ANGELA, , WILLISON, , F, , 10/20/2007, 631-119-7863, 631-119-7863, 720 WESTCHESTER AVENUE, 15J, BRONX, NY, 10455, , , MARYELLEN FUELLBIER 
EMILY, , WILLISON, , F, , 10/20/2007, 631-119-7863, 631-119-7863, 441 EAST 155TH STREET, 1M, BRONX, NY, 10455, , , 

STEVEN, , DUGUAY, , M, , 7/16/1995, 718-571-4338, 718-571-4338, 1953 E TREMONT AVENUE, 55, BX, NY, 99999, , , 
MIGUEL, , DUGUAY, , M, , 7/16/1995, 718-571-4338, 718-571-4338, 193335 DALY AVENUE, 55, BRONX, NY, 10460, , , 

DANIEL, , TYNAN, , M, , 6/28/1995, 845-329-5894, 845-329-5894, 11945 147TH STREET, PH, JAMAICA, NY, 11436, , , 
MARIANO, , TYNAN, , M, , 6/28/1995, 845-329-5894, 845-329-5894, , , , , , , , 

KAREN, , ANDERSON, , F, , 2/7/2003, 917-155-9313, 917-155-9313, 2287 LORING PLACE, 3C, BRONX, NY, 10468, , , JANE DOE 
MEGAN, , ANDERSON, , F, , 2/7/2003, 917-155-9313, 917-155-9313, 2287 LORING PLACE NORTH, 1B, BRONX, NY, 10468, , , 

GWENDOLYN, , GILLEY, , F, , 12/23/1997, 609-489-8789, 609-489-8789, 1605 E 172ND STREET, , BRONX, NY, 10472, , , 
CLAUDIA, , GILLEY, , F, , 12/23/1997, 609-489-8789, 609-489-8789, 1405 ROSEDALE AVENUE, 1/N, BRONX, NY, 10472, , , JANE DOE 

ETHAN, , ROSA, , M, , 6/9/1992, 929-583-9982, 929-583-9982, 377 PINE STREET, PH, BROOKLYN, NY, 11208, , , JOHN DOE 
JULIAN, , ROSA, , M, , 6/9/1992, 929-583-9982, 929-583-9982, 1055 GLENMORE AVENUE, 2, BROOKLYN, NY, 11208, , JROSA@AMGGT.COM, 

GUADALUPE, , FOX, , M, , 7/12/2013, 203-587-1056, 203-587-1056, 731 EAST 215TH STREET, 3FL, BRONX, NY, 10467, , , 
ISAIAH, , FOX, , M, , 7/12/2013, 203-587-1056, 203-587-1056, 3645 WHT PLAINS ROAD, 2F, BRONX, NY, 10467, , , 

PAUL, , MATHEWSDOTY, , M, , 5/22/2000, 518-625-7916, 518-625-7916, 1905 ANDREWS AVENUE, 1B, BRONX, NY, 10453, , , JOHN DOE 
LOUIS, , MATHEWSDOTY, , M, , 5/22/2000, 518-625-7916, 518-625-7916, 1925 HARRISON AVENUE, 3J, BRONX, NY, 10453, , LMATHEWSDOTY@AMGGT.COM, 

DORETHA, , VALENTINE, , F, , 8/14/2000, 516-371-9421, 516-371-9421, 462 FIRST AVENUE, , NEW YORK, NY, 10016, , , 
MICHELLE, , VALENTINE, , F, , 8/14/2000, 516-371-9421, 516-371-9421, 506 LENOX AVENUE, , NEW YORK, NY, 10037, , , JANE DOE 

CHRISTIAN, , ALSTON, , M, , 2/7/1995, 917-873-9567, 917-873-9567, 250 WEST 125TH STREET, , NEW YORK, NY, 10028, , , 
LETICIA, , ALSTON, , M, , 2/7/1995, 917-873-9567, 917-873-9567, 250 WEST 131ST STREET, 7D, NEW YORK, NY, 10031, , , 

TY, , DYKES, , M, , 5/30/1995, 551-182-5023, 551-182-5023, 9417 132 STREET, 2FL, RICHMOND HILL, NY, 11419, , , 
ALEX, , DYKES, , M, , 5/30/1995, 551-182-5023, 551-182-5023, 9418 132ND STREET, PVH, SOUTH RICHMOND HILL, NY, 11419, , , 

MARY, , BUZZETTA, , F, , 12/20/2005, 212-360-7825, 212-360-7825, 2300 OCEAN AVENUE, 3B, BROOKLYN, NY, 11229, , , 
MARIA, , BUZZETTA, , F, , 12/20/2005, 212-360-7825, 212-360-7825, , , , , , , , 

GAVIN, , KOZAK, , M, , 12/18/2001, 845-390-1652, 845-390-1652, 14423 38TH AVENUE, 3FLR, FLUSHING, NY, 11354, , , 
ROBERT, , KOZAK, , M, , 12/18/2001, 845-390-1652, 845-390-1652, 14423 78TH STREET, PH, FLUSHING, NY, 11354, , , 

LUIS, , ISHAM, , M, , 12/5/2001, 862-106-2002, 862-106-2002, 2460 GRAND AVENUE, 1 C, BRONX, NY, 10468, , , 
DANIEL, , ISHAM, , M, , 12/5/2001, 862-106-2002, 862-106-2002, 2460 GRAND CONCOURSE AVENUE, 1C, BRONX, NY, 10468, , DISHAM@AMGGT.COM, 

DAVID, , MCGAUGHEY, , M, , 12/30/2015, 848-525-2980, 848-525-2980, 343 ST NICHOLAS AVENUE, 3, NEW YORK, NY, 10027, , , 
BRANDON, , MCGAUGHEY, , M, , 12/30/2015, 848-525-2980, 848-525-2980, 343 STREET NICHOLAS, A32, NEW YORK, NY, 10027, , , 

EZEKIEL, , CLARK, , M, , 12/30/2005, 845-730-4247, 845-730-4247, 1062 THIERIOT AVENUE, N, BRONX, NY, 10473, KENNEDY, ECLARK@AMGGT.COM, 
JAVAN, , CLARK, , M, , 12/30/2005, 845-730-4247, 845-730-4247, 1562 THERIOT AVENUE, , BRONX, NY, 10460, , , 

DRISTAN, , SIMMS, , M, , 12/11/2001, 631-470-1193, 631-470-1193, 480 CONCORD AVENUE, 3C, BRONX, NY, 10455, , , 
JOSE, , SIMMS, , M, , 12/11/2001, 631-470-1193, 631-470-1193, 3950 PAULDING AVENUE, PH, BRONX, NY, 10466, , , 

GUADALUPE, , SIKORSKI, , F, , 10/5/2006, 908-601-2077, 908-601-2077, 8008 135 STREET, 107, JAMAICA, NY, 11435, , , 
DAKOTA, , SIKORSKI, , F, , 10/5/2006, 908-601-2077, 908-601-2077, 8008 135TH STREET, 208, JAMAICA, NY, 11435, , DSIKORSKI@AMGGT.COM, 

AMY, , OCONNELL, , F, , 8/19/1993, 610-997-7392, 610-997-7392, 460 W 147TH STREET, 47, NEW YORK, NY, 10031, , AOCONNELL@AMGGT.COM, 
JENNIFER, , OCONNELL, , F, , 8/19/1993, 610-997-7392, 610-997-7392, 460 WEST 147TH STREET, 47, NEW YORK, NY, 10031, , , 

NATHAN, , GONZALES, , M, , 10/29/1994, 929-562-5665, 929-562-5665, 115 E MOSHOLU PARKWAY, C54, BRONX, NY, 10467, , , 
JERRY, , GONZALES, , M, , 10/29/1994, 929-562-5665, 929-562-5665, 80 LAFAYETTE AVENUE, 6E, NEW YORK, NY, 10013, , , 

VINCENT, , NUCE, , M, , 11/15/1993, 484-583-2291, 484-583-2291, 571 E 141ST STREET, 5, BRONX, NY, 10454, , , 
MICHAEL, , NUCE, , M, , 11/15/1993, 484-583-2291, 484-583-2291, 2409 2ND AVENUE APT 2A, 16, NEW YORK, NY, 10035, , , 

KATHIE, , CAMERON, , F, , 6/27/2012, 718-648-8009, 718-648-8009, 1214 BOYNTON, 1, BRONX, NY, 10472, , , 
EVANGELINE, , CAMERON, , F, , 6/27/2012, 718-648-8009, 718-648-8009, 1214 BOYNTON AVENUE, PH, BRONX, NY, 10462, , , 

KELLY, , NICASTRI, , F, , 6/27/2003, 203-500-7684, 203-500-7684, 1248 GRAND CONCOURSE, 5E, BRONX, NY, 10456, , , 
RENEE, , NICASTRI, , F, , 6/27/2003, 203-500-7684, 203-500-7684, 1272 GRANDCONCOURSE, 5A, BRONX, NY, 10456, , , 

EMI, , HABERKORN, , F, , 11/19/2015, 610-289-2729, 610-289-2729, 2080 WALLACE AVENUE, 427, BRONX, NY, 10462, , EHABERKORN@AMGGT.COM, 
ELVIRA, , HABERKORN, , F, , 11/19/2015, 610-289-2729, 610-289-2729, 2080 WALLACE, 427, BRONX, NY, 10462, , , 

WILLIAM, , MARQUEZ, , M, , 12/12/2002, 908-223-2096, 908-223-2096, 1246 FTELEY AVENUE, PH, BRONX, NY, 10472, , WMARQUEZ@AMGGT.COM, 
CORNELL, , MARQUEZ, , M, , 12/12/2002, 908-223-2096, 908-223-2096, 2881 EAST 197TH STREET, , BRONX, NY, 10461, , , 

ALEXANDRA, , BRISENO, , F, , 8/12/2000, 609-633-2549, 609-633-2549, 3454 ELY AVENUE, 2, BRONX, NY, 10469, , ABRISENO@AMGGT.COM, 
CATHERINE, , BRISENO, , F, , 8/12/2000, 609-633-2549, 609-633-2549, 2076 DALY AVENUE, 1C, BRONX, NY, 10460, , , 

DAVID, , MCGINNIS, , M, , 7/30/2012, 516-213-7058, 516-213-7058, 790 EAST 152 STREET, 19, BRONX, NY, 10455, , DMCGINNIS@AMGGT.COM, 
TRAVIS, , MCGINNIS, , M, , 7/30/2012, 516-213-7058, 516-213-7058, 790 E 152ND STREET, 12, BRONX, NY, 10455, , , 

VINCENT, , MORELAND, , M, , 11/1/2005, 862-452-5339, 862-452-5339, 238 HOSMER AVENUE, PH, BRONX, NY, 10475, , VMORELAND@AMGGT.COM, 
MICHAEL, , MORELAND, , M, , 11/1/2005, 862-452-5339, 862-452-5339, 2445 WALTON AVENUE, , , , , , , 

MADELINE, , CAROTHERS, , F, , 9/23/1995, 518-402-6967, 518-402-6967, 1152 E 223RS TS, 11L, BRONX, NY, 10466, , , 
TAYLOR, , CAROTHERS, , F, , 9/23/1995, 518-402-6967, 518-402-6967, 2029 NEWBOLD AVENUE, 2FK, BRONX, NY, 10462, , , 

SANDRA, , HERSHMAN, , F, , 8/28/1991, 203-611-1643, 203-611-1643, 1106 WHEELER AVENUE, 7, BRONX, NY, 10472, KINNEY, SHERSHMAN@AMGGT.COM, 
CYNTHIA, , HERSHMAN, , F, , 8/28/1991, 203-611-1643, 203-611-1643, 1106 ELDER AVENUE, 1ST, BRONX, NY, 10462, , , 

DONALD, , VAUGHN, , M, , 8/3/1998, 862-453-5573, 862-453-5573, 2157 WALLACE, 4D, BRONX, NY, 10462, , DVAUGHN@AMGGT.COM, 
SHAY, , VAUGHN, , M, , 8/3/1998, 862-453-5573, 862-453-5573, 103 W 183RD STREET, 24, BRONX, NY, 10453, , , 

JOSE, , SIROVY, , M, , 8/26/2006, 212-849-7222, 212-849-7222, 983 EAST 181ST STREET2B, 2B, BRONX, NY, 10460, , JSIROVY@AMGGT.COM, 
DANIEL, , SIROVY, , M, , 8/26/2006, 212-849-7222, 212-849-7222, 983 EAST 181 STREET, 2B, BRONX, NY, 10460, , , 

ANTHONY, , ANDERSON, , M, , 3/14/2004, 267-886-2157, 267-886-2157, 801 SOUTHERN BOULEVARD, 17, BRONX, NY, 10455, , , 
PEDRO, , ANDERSON, , M, , 3/14/2004, 267-886-2157, 267-886-2157, PO BOX 482, , BRONX, NY, 10461, , , 

ADAM, , WOODS, , M, , 8/16/1996, 201-602-1352, 201-602-1352, 481 HOWARD AVENUE, 3F, BROOKLYN, NY, 11233, , AWOODS@AMGGT.COM, 
RONY, , WOODS, , M, , 8/16/1996, 201-602-1352, 201-602-1352, 2324 BRAGG STREET, 4F, BROOKLYN, NY, 11229, , , 

CAROL, , GLASSER, , F, , 2/17/2013, 917-382-7279, 917-382-7279, 1175 FULTON AVENUE, , BRONX, NY, 10456, , , 
MARY, , GLASSER, , F, , 2/17/2013, 917-382-7279, 917-382-7279, 117 W 197TH STREET, A22, BRONX, NY, 10468, , MGLASSER@AMGGT.COM, 

HELEN, , DANIEL, , F, , 12/26/2011, 516-644-9173, 516-644-9173, 1760 STORY AVENUE, 4E, BRONX, NY, 10473, , , 
KYLIE, , DANIEL, , F, , 12/26/2011, 516-644-9173, 516-644-9173, 140 ERDMAN PLACE, , , , , , , 

EMILIANO, , VINING, , M, , 3/3/2009, 484-419-5235, 484-419-5235, 323 E 48TH STREET, 2FL, BROOKLYN, NY, 11203, BERNIAK, EVINING@AMGGT.COM, 
KEVIN, , VINING, , M, , 3/3/2009, 484-419-5235, 484-419-5235, 547 CLASSON AVENUE, , BROOKLYN, NY, 11233, , , 

ANTOINETTE, , MCLAMB, , F, , 6/13/2015, 908-763-6544, 908-763-6544, 51 MOSHOLU PRKWY NORTH, 1D, BRONX, NY, 10467, , , CANDACE EUNICE PRIMM 
CHARLOTTE, , MCLAMB, , F, , 6/13/2015, 908-763-6544, 908-763-6544, 1105 BOYNTON AVENUE, 4C, BRONX, NY, 10472, , , 

TERESA, , FEGAN, , F, , 6/7/2000, 848-187-4333, 848-187-4333, 200 W 145TH STREET, , NEW YORK, NY, 10039, , , 
MOLLY, , FEGAN, , F, , 6/7/2000, 848-187-4333, 848-187-4333, 200 W 145 STREET, 1, NEW YORK, NY, 10039, , , 

LAURA, , PERRY, , F, , 8/15/2000, 518-818-2557, 518-818-2557, , , , , , , , 
LONI, , PERRY, , F, , 8/15/2000, 518-818-2557, 518-818-2557, 3912 104TH STREET, 1, CORONA, NY, 11368, , , 

MERCEDES, , SOTO, , F, , 5/3/2014, 551-635-1795, 570-826-2027^^551-635-1795, 1137 VYSE AVENUE, 2, BRONX, NY, 10459, , , 
TAMARA, , SOTO, , F, , 5/3/2014, 551-635-1795, 551-635-1795, 2272 ANDREWS AVENUE, A 4, BRONX, NY, 10468, , TSOTO@AMGGT.COM, 

FREELAND, , LAL, , M, , 3/18/1995, 718-451-9928, 718-451-9928, 15302 111 ROAD, PH, JAM, NY, 11435, , FLAL@AMGGT.COM, 
LANDON, , LAL, , M, , 3/18/1995, 718-451-9928, 718-451-9928, 18833 KEESEVILLE, PH, ST ALBANS, NY, 11412, , , 

BRANDEN, , MCKNIGHT, , M, , 7/20/2007, 570-389-4690, 570-389-4690, 1027 E 229TH STREET, PH, BRONX, NY, 10466, , , 
JOSUE, , MCKNIGHT, , M, , 7/20/2007, 570-389-4690, 570-389-4690, 854 EAGLE AVENUE, 3B, BRONX, NY, 10456, , JMCKNIGHT@AMGGT.COM, 

REBECCA, , WOOD, , F, , 8/25/1998, 934-976-3570, 934-976-3570, 219 E 121ST STREET, , NEW YORK, NY, 10035, , , SANTA RODRIGUEZ 
LYNETTE, , WOOD, , F, , 8/25/1998, 934-976-3570, 934-976-3570, 219 EAST 121ST STREET, , NEW YORK, NY, 10035, , , 

JAMES, , BUSH, , M, , 11/27/1991, 347-552-7723, 347-552-7723, 655 233 STREET, 9C, BRONX, NY, 10466, , , 
JOSHUA, , BUSH, , M, , 11/27/1991, 347-552-7723, 347-552-7723, 4225 CARPENTER AVENUE, 2E, BRONX, NY, 10466, , JBUSH@AMGGT.COM, 

TYSON, , HARVEY, , M, , 4/6/1990, 516-248-5804, 516-248-5804, 820 COLGATE AVENUE, 9B, BRONX, NY, 10473, KHAN, THARVEY@AMGGT.COM, 
OWEN, , HARVEY, , M, , 4/6/1990, 516-248-5804, 516-248-5804, 870 COLGATE, 9B, BRONX, NY, 10473, , , 

JUSTIN, , VALERIO, , M, , 2/21/2007, 484-582-5585, 484-582-5585, 1911 BLEECKER STREET, 2L, RIDGEWOOD, NY, 11385, , , 
CALEB, , VALERIO, , M, , 2/21/2007, 484-582-5585, 484-582-5585, 6024 GROVE STREET, , RIDGEWOOD, NY, 11385, , , 

KELLI, , IKRAM, , F, , 9/13/2002, 203-649-7493, 203-649-7493, 2825 GRAND CONC, 5G, BRONX, NY, 10468, , , 
TATEM, , IKRAM, , F, , 9/13/2002, 203-649-7493, 203-649-7493, 2825 GRANDCONCOURSE, 5G, BRONX, NY, 10468, , , 

DESMOND, , EVAN, , M, , 7/1/2005, 203-287-8763, 203-287-8763, 1137 E 224TH STREET, 1, BRONX, NY, 10466, , , 
DERIK, , EVAN, , M, , 7/1/2005, 203-287-8763, 203-287-8763, 4602 BRONX BOULEVARD, PH, BRONX, NY, 10470, , , 

SCOTT, , DESSENKO, , M, , 8/30/1991, 347-106-2980, 347-106-2980, 741 WHITE PLAINS ROAD, 4C, BRONX, NY, 10473, FALCON, SDESSENKO@AMGGT.COM, 
JOHN, , DESSENKO, , M, , 8/30/1991, 347-106-2980, 347-106-2980, 2330 WEASHINGTON AVENUE, 1B, BRONX, NY, 10458, , , 

ERIC, , DAMPIER, , M, , 12/24/2008, 201-148-1291, 201-148-1291, 14010 CASALS PLACE, , BRONX, NY, 10461, , EDAMPIER@AMGGT.COM, 
EDWARD, , DAMPIER, , M, , 12/24/2008, 201-148-1291, 201-148-1291, 1566 MACOMBS ROAD, 4E, BRONX, NY, 10452, , , 

VICKIE, , FERREIRA, , F, , 10/21/2006, 570-379-5492, 917-825-4380^^570-379-5492, 229 W144TH STREET, 34, NEW YORK, NY, 10030, , , 
CARRIE, , FERREIRA, , F, , 10/21/2006, 570-379-5492, 570-379-5492, 13 W 137TH STREET, 54, NEW YORK, NY, 10039, GESELL, CFERREIRA@AMGGT.COM, 

JAYLAH, , REYNOLDS, , F, , 2/18/2007, 848-298-8072, 848-298-8072, 315 E 103RD STREET, , NEW YORK, NY, 10029, , , 
CORA, , REYNOLDS, , F, , 2/18/2007, 848-298-8072, 848-298-8072, 315 EAST 103 STREET, 4B, NY, NY, 10029, , , 

CYNTHIA, , WILSON, , F, , 4/6/1993, 959-348-4741, 959-348-4741, 80 PALADINO AVENUE, 2G, NEW YORK, NY, 10035, , , 
REBECCA, , WILSON, , F, , 4/6/1993, 959-348-4741, 959-348-4741, 445 EAST 120TH STREET, 7B, NEW YORK, NY, 10035, , RWILSON@AMGGT.COM, 

HELEN, , THORNER, , F, , 7/12/2004, 516-829-4148, 516-829-4148, 520 GATES AVENUE, 1, BROOKLYN, NY, 11216, , , 
LOUELLA, , THORNER, , F, , 7/12/2004, 516-829-4148, 516-829-4148, 552 CARLTON AVENUE, 2, BROOKLYN, NY, 11238, , , 

RUBY, , MANISCALCO, , F, , 6/17/2006, 973-246-8067, 973-246-8067, 1115 JEROME AVENUE, 3D, BRONX, NY, 10452, , , 
PAULETTE, , MANISCALCO, , F, , 6/17/2006, 973-246-8067, 973-246-8067, 1240 WOODYCREST AVENUE, 6D, BRONX, NY, 10452, , PMANISCALCO@AMGGT.COM, 

SALVADOR, , GAHAN, , M, , 9/14/1996, 518-166-8275, 518-166-8275, 8806 PARSONS BV, B8, JAMAICA, NY, 11432, , , 
ETHAN, , GAHAN, , M, , 9/14/1996, 518-166-8275, 518-166-8275, 16605 89TH AVENUE, 6B, JAMAICA, NY, 11432, , EGAHAN@AMGGT.COM, 

NIKKI, , LOTT, , F, , 5/6/1995, 610-609-6314, 610-609-6314, 2971 BAINBRIDGE AVENUE, 3C, BRONX, NY, 10467, , , 
MARTHA, , LOTT, , F, , 5/6/1995, 610-609-6314, 610-609-6314, 3070 BAINBRIDGE AVENUE, 2N, BRONX, NY, 10467, , , 

KAREN, , ABDULLAWEZA, , F, , 10/11/2011, 484-776-2434, 484-776-2434, 4522 MONTICELLO, 2, BRONX, NY, 10466, , , 
M, , ABDULLAWEZA, , F, , 10/11/2011, 484-776-2434, 484-776-2434, 3451 ELY AVENUE, PH, BRONX, NY, 10469, , MABDULLAWEZA@AMGGT.COM, 

LINDA, , KIRALY, , F, , 4/8/1991, 860-698-4037, 860-698-4037, 361 E 153 STREET, 3, BRONX, NY, 10455, , , 
MADORA, , KIRALY, , F, , 4/8/1991, 860-698-4037, 860-698-4037, 3137 HULL AVENUE, 1, BRONX, NY, 10467, , , 

DEMETRIA, , SERRANODIAZ, , F, , 9/29/1991, 551-166-2500, 516-102-8248^^551-166-2500, 8809 148TH STREET, 1F, JAMAICA, NY, 11435, , , 
TERIANA, , SERRANODIAZ, , F, , 9/29/1991, 551-166-2500, 551-166-2500, 14725 88TH AVENUE, 6 B, JAMAICA, NY, 11435, , TSERRANODIAZ@AMGGT.COM, 

SHAWN, , PERRY, , M, , 12/17/1995, 862-925-4876, 862-925-4876, 730 OAKLAND PLACE, 3:00 AM, BRONX, NY, 10457, , , 
DAVID, , PERRY, , M, , 12/17/1995, 862-925-4876, 862-925-4876, 611 CROTONA PARK NORTH, 14C, BRONX, NY, 10457, , DPERRY@AMGGT.COM, 

MARY, , DORE, , F, , 3/25/2000, 347-502-1315, 347-502-1315, 1100 EASTR 165TH STREET, 3B, BRONX, NY, 10459, , , 
STEPHANIE, , DORE, , F, , 3/25/2000, 347-502-1315, 347-502-1315, 1100 E 165 STREET, 3 B, BRONX, NY, 10459, , , 

MARIA, , WILLIAMS, , F, , 12/20/1993, 718-634-6950, 718-634-6950, 27 E 124TH STREET, 4B, NEW YORK, NY, 10035, , , 
NAOMI, , WILLIAMS, , F, , 12/20/1993, 718-634-6950, 718-634-6950, 15 WEST 139TH STREET, 12:00 PM, NY, NY, 10037, , NWILLIAMS@AMGGT.COM, 

TANZANIA, , SPRINGER, , F, , 10/28/1999, 929-453-5730, 929-453-5730, 952 ANDERSON AVENUE, 4A, BRONX, NY, 10460, , , 
APRIL, , SPRINGER, , F, , 10/28/1999, 929-453-5730, 929-453-5730, 558 EAST 181 STREET, 2G, BRONX, NY, 10457, , , 

SUSAN, , SCHENDEL, , F, , 4/9/1994, 959-562-9520, 959-562-9520, 1527 METROPOLITAN, 2I, BRONX, NY, 10462, , , 
BRIANNA, , SCHENDEL, , F, , 4/9/1994, 959-562-9520, 959-562-9520, 1527 METROPOLITAN AVENUE, 2I, BRONX, NY, 10462, , , 

ISABEL, , IHRIG, , F, , 3/26/2001, 570-866-4315, 570-866-4315, 655 BURKE AVENUE, 4 C, BRONX, NY, 10467, , , 
MARIAH, , IHRIG, , F, , 3/26/2001, 570-866-4315, 570-866-4315, 2181 WALLACE AVENUE, 3H, BRONX, NY, 10462, , , 

ROGER, , SEQUEIRA, , M, , 10/29/1991, 203-550-6426, 203-550-6426, 1175 VYSE AVENUE, 4, BRONX, NY, 10459, , , 
ABEL, , SEQUEIRA, , M, , 10/29/1991, 203-550-6426, 203-550-6426, 860 VAN NEST AVENUE, 2, BRONX, NY, 10462, , ASEQUEIRA@AMGGT.COM, 

SHANE, , BEACH, , M, , 9/22/1999, 917-211-5662, 917-211-5662, 14840 CAMINITO LORREN, , DEL MAR, CA, 92014, , , 
DONALD, , BEACH, , M, , 9/22/1999, 917-211-5662, 917-211-5662, 610 ALBANY AVENUE, 5G, BROOKLYN, NY, 11203, , , 

JULIA, , HOUGHTON, , F, , 3/8/2004, 917-462-3366, 917-462-3366, 215 EAST 164TH STREET, 5A, BRONX, NY, 10456, , , 
JENNIFER, , HOUGHTON, , F, , 3/8/2004, 917-462-3366, 917-462-3366, 1980 7TH AVENUE, 6F, NEW YORK, NY, 10026, , , JANICE CHEN 

JAMES, , BELLEGARDE, , M, , 2/22/2005, 934-799-5003, 934-799-5003, 460 GRAND STREET, 15H, NEW YORK, NY, 10002, , , JAMES RAYMOND BELLEGARDE 
LARRY, , BELLEGARDE, , M, , 2/22/2005, 934-799-5003, 518-780-7899^^934-799-5003, 1414 HAZEN STREET, , ELMHURST, NY, 11377, , , 

PEARL, , MLECZYNSKI, , M, , 8/1/1998, 201-787-3950, 201-787-3950, 219 E121 STREET, , NEW YORK, NY, 10035, , , 
MELVIN, , MLECZYNSKI, , , , 8/1/1998, 201-787-3950, 201-787-3950, MABON BLDG 13, AGCY, NEW YORK, NY, 10035, , MMLECZYNSKI@AMGGT.COM, MELVIN GRAYSON MLECZYNSKI 

HENRY, , COX, , M, , 12/30/2011, 845-213-7749, 845-213-7749, 206 WEST 92ND STREET, 412, NEW YORK, NY, 10025, , , ANTHONY WILLY MASRI 
HERMAN, , COX, , M, , 12/30/2011, 845-213-7749, 845-213-7749, 308 WEST 148TH STREET, 2D, NY, NY, 10032, , , 

DALE, , GLADER, , M, , 11/6/2009, 973-355-5477, 973-355-5477, 2685 VALENTINE AVENUE, 3F, BRONX, NY, 10453, , , 
OLLIE, , GLADER, , M, , 11/6/2009, 973-355-5477, 973-355-5477, 2685 VALENTINE AVENUE 2FL, 2FL, BRONX, NY, 10456, , OGLADER@AMGGT.COM, 

MONICA, , COMBS, , F, , 8/25/1996, 917-462-3499, 917-462-3499, 10952 131 STREET, 2FL, SO OZONE PK, NY, 11420, , , 
EMERSON, , COMBS, , F, , 8/25/1996, 917-462-3499, 917-462-3499, 10952 131ST STREET, PH, SO OZONE PK, NY, 11420, , ECOMBS@AMGGT.COM, 

ALEXIA, , GRUENBERG, , F, , 12/20/1994, 862-928-4736, 862-928-4736, 3734 99 STREET, 2, CORONA, NY, 11368, , , 
ANA, , GRUENBERG, , F, , 12/20/1994, 862-928-4736, 862-928-4736, , , , , , , , ANA MICHELLE GRUENBERG 

CHARLES, , HILL, , M, , 2/15/2001, 484-893-9691, 484-893-9691, 2111 SO BOULEVARD, 29F, BRONX, NY, 10460, , , CHARLES ERNESTO HILL 
STEVON, , HILL, , M, , 2/15/2001, 484-893-9691, 484-893-9691, 2111 SOUTHERN BOULEVARD, 29F, BRONX, NY, 10460, , SHILL@AMGGT.COM, 

SANDRA, , MIDDLETONAUSTIN, , F, , 8/9/2008, 934-981-1789, 934-981-1789, , , , , , , SMIDDLETONAUSTIN@AMGGT.COM, 
HELEN, , MIDDLETONAUSTIN, , F, , 8/9/2008, 934-981-1789, 934-981-1789, , , , , , , , ANJLI AJIT SHAH 

NEIL, , REASON, , M, , 8/22/1938, 959-398-4955, , 227 MADISON STREET, , NEW YORK, NY, 10002, , , 
NEAL, , REASON, , M, , 12/22/1938, 959-398-4955, , 9815H HARDING EXPWY, 2D, CORONA, NY, 11368, , NREASON@AMGGT.COM, 

JAY, , SINISGALLI, , M, , 3/17/2001, 201-637-7798, 201-637-7798, 15315 89 AVENUE, F3, JAMAICA, NY, 11432, , , 
JAMES, , SINISGALLI, , M, , 3/17/2001, 201-637-7798, 201-637-7798, 15315 89TH AVENUE, F2, JAMAICA, NY, 11432, , JSINISGALLI@AMGGT.COM, 

MARIAH, , MERCADO, , F, , 3/7/2009, 848-460-9699, 848-460-9699, 1178 E 175TH STREET, 1, BRONX, NY, 10460, , , 
OLIVIA, , MERCADO, , F, , 3/7/2009, 848-460-9699, 848-460-9699, 1178 PRIGGS AVENUE, 2L, BRONX, NY, 10458, BUCKMASTER, OMERCADO@AMGGT.COM, 

HAROLD, , POULOS, , M, , 5/6/2003, 212-419-8738, 212-419-8738, 2615 3RD AVENUE, 3E, BRONX, NY, 10451, , , RICHARD B FRANK 
DONALD, , POULOS, , M, , 5/6/2003, 212-419-8738, 212-419-8738, 2615 3RD AVENUE 3E, 3E, BRONX, NY, 10451, , , 

HUDAYFA, , VILLAGRA, , M, , 11/15/1955, 908-507-8966, , 5 PARKCHESTER OVAL, 2H, BRONX, NY, 10462, , HVILLAGRA@AMGGT.COM, 
HUSSEIN, , VILLAGRA, , M, , 11/15/1985, 908-507-8966, , 5 METROPOLITAN OVAL, 2H, BRONX, NY, 10462, , , 

IRINA, , YOUNG, , F, , 5/16/1997, 973-283-2825, 973-283-2825, 35 MARCY PLACE, 4J, BX, NY, 10452, , , IRINA DARCEY YOUNG 
VICTORIA, , YOUNG, , F, , 5/16/1997, 973-283-2825, 973-283-2825, 108 EAST CLARK, 29, BRONX, NY, 10452, , VYOUNG@AMGGT.COM, 

ASHA, , KINSELLA, , F, , 10/26/1983, 973-580-6695, , 525 WEST 169TH STREET, BSMT, NEW YORK, NY, 10032, , , 
AUDREY, , KINSELLA, , U, , 10/26/1993, 973-580-6695, , 525 W 169TH STREET, B, NEW YORK, NY, 10032, , , 

BRANDON, , BRINEGAR, , M, , 2/5/1994, 908-561-4078, 908-561-4078, UNDOCIMILE, , BRONX, NY, 99999, , , BRANDON MARTIN BRINEGAR 
MATHEW, , BRINEGAR, , M, , 2/5/1994, 908-561-4078, 908-561-4078, 1669 RANDALL AVENUE, 1D, BRONX, NY, 10473, JOHNSON, MBRINEGAR@AMGGT.COM, 

VICTORIA, , LIM, , F, , 7/13/1992, 570-118-6937, , 2414 BELMONT AVENUE, 2D, BRONX, NY, 10458, , , 
VICTORIA, , MILLER, , F, , 10/19/1947, 570-118-6937, , 667 E 187TH STREET, 1, BRONX, NY, 10458, , , 

DANIEL, , HEIMSNESS, , M, , 3/19/2004, 551-440-3944, 551-440-3944, 39 SOUTH 3RD AVENUE, 3, MT.VERNON, NY, 550, , , 
BRANDON, , HEIMSNESS, , M, , 3/19/2004, 551-440-3944, 551-440-3944, 621 WEST 172ST, 61, NY, NY, 10032, , , 

NORMA, , SKINNER, , F, , 2/23/1991, 917-699-7765, 917-699-7765, 3036 GUNTHER AVENUE, P/H, BRONX, NY, 10469, , , 
SHIRIN, , SKINNER, , F, , 2/23/1991, 917-699-7765, 917-699-7765, 3133 SEYMOUR AVENUE, PH, BRONX, NY, 10469, , , JANE DOE 

TIRIEE, , GARCIA, , M, , 11/2/2010, 917-867-9813, 917-867-9813, 11129 167 STREET, , JAMAICA, NY, 11433, , , 
ROCKLIN, , GARCIA, , M, , 11/2/2010, 917-867-9813, 917-867-9813, 10704 166TH STREET, 2FL, JAMAICA, NY, 11433, , , 

EMMABELLE, , ACEVEDO, , F, , 11/22/1997, 610-731-6844, 610-731-6844, 450 ST NICHOLAS AVENUE, 2 B, NEW YORK, NY, 10027, ROBINSON, EACEVEDO@AMGGT.COM, 
ALEXUS, , ACEVEDO, , F, , 11/22/1997, 610-731-6844, 610-731-6844, 450 STREET NICHOLAS, , NY, NY, 10027, , , JANE DOE 

LARRY, , COTTEN, , M, , 4/23/1971, 347-702-8489, , 2800 SEDGWICK AVENUE, 1D, BRONX, NY, 10468, , , 
LAURENCE, , COTTEN, , M, , 4/24/1971, 347-702-8489, , 2800 SDWICK AVENUE, 1D, BX NYC, NY, 10468, , , 

GLENN, , CRUZ, , M, , 7/12/2001, 516-133-7345, 516-133-7345, 15315 89TH AVENUE, A7, JAMAICA, NY, 11432, , GCRUZ@AMGGT.COM, 
HERMAN, , CRUZ, , M, , 7/12/2001, 516-133-7345, 516-133-7345, 15315 89 AVENUE, C1, JAMAICA, NY, 11432, , , JOHN DOE 

SHAVNA, , CRISPIN, , F, , 12/22/2009, 917-407-1430, , 1268 STRAFFORD AVENUE, B, BRONX, NY, 10472, , , 
MILDRED, , CRISPIN, , F, , 12/22/2009, 917-407-1430, , 810 SOUNDVIEW AVENUE, 5E, BRONX, NY, 10473, RIOSCRUZ, MCRISPIN@AMGGT.COM, 

LEE, , GRAF, , M, , 4/13/2006, 631-895-8316, 631-895-8316, 2301 SO LUMBER STREET, PH, ALLENTOWN, PA, 18103, , , 
ANTHONY, , GRAF, , M, , 4/13/2006, 631-895-8316, 631-895-8316, 2301 SOUTH LUMBER STREET, , ALLENTOWN, PA, 18103, , AGRAF@AMGGT.COM, 

PRESTON, , SWAN, , M, , 3/23/1996, 516-157-8891, 516-157-8891, 1777 GR CONCOURSE, 6G, BRONX, NY, 10453, , , JOHN DOE 
ALEXIS, , SWAN, , M, , 3/23/1996, 516-157-8891, 516-157-8891, 1777 GRAND CONCOURSE, 6A, BRONX, NY, 10453, , ASWAN@AMGGT.COM, 

MISCHA, , MIGLIORE, , F, , 9/5/2008, 610-406-6795, 610-406-6795, 3461 KINGSLAND AVENUE, PH, BRONX, NY, 10469, , , 
ISELDA, , MIGLIORE, , F, , 9/5/2008, 610-406-6795, 610-406-6795, 2734 BOUCK AVENUE, PH, BRONX, NY, 10469, TSAO, IMIGLIORE@AMGGT.COM, 

MARLENE, , YANG, , F, , 7/5/1996, 718-282-9564, 718-282-9564, 1370 BOSTON ROAD, 5, BRONX, NY, 10456, , , 
MARIA, , YANG, , F, , 7/5/1996, 718-282-9564, 718-282-9564, 10459 117TH STREET, 1ST, SOUTH RICHMOND HILL, NY, 11419, , , JANE DOE 

RONNIE, , PAFOS, , M, , 8/10/2005, 718-164-9054, 718-164-9054, 1623 GLOVER STREET, PH, BRONX, NY, 10462, , , JOHN DOE 
OLIVER, , PAFOS, , M, , 8/10/2005, 718-164-9054, 718-164-9054, 1950 PROSPECT AVENUE, 3H, BRONX, NY, 10458, , , 

MARYAN, , PULS, , F, , 8/6/2013, 631-550-4907, 631-550-4907, 353 E 141 STREET, 10A, BRONX, NY, 10454, DI, MPULS@AMGGT.COM, 
SHEYLA, , PULS, , F, , 8/6/2013, 631-550-4907, 631-550-4907, 60 SEAMAN AVENUE, 1A, NEW YORK, NY, 10034, , , 

LEIGH, , CLENDINEN, , F, , 6/19/2003, 929-873-5868, 929-873-5868, 1706 UNDERCLIFF AVENEU, PH, BRONX, NY, 10453, , , 
WILLIE, , CLENDINEN, , F, , 6/19/2003, 929-873-5868, 929-873-5868, 398 E 152 STREET, 2G, BRONX, NY, 10455, , , 

BRANDON, , WARNER, , M, , 3/16/1997, 631-212-3752, 631-212-3752, 12003 220TH STREET, , CAMBRIA HTS, NY, 11411, , , JOHN DOE 
JOHN, , WARNER, , M, , 3/16/1997, 631-212-3752, 631-212-3752, , , , , , , JWARNER@AMGGT.COM, 

LYNN, , MCKEON, , F, , 5/20/2012, 347-871-2504, 347-871-2504, 522 ROSEDALE AVENUE, F11, BRONX, NY, 10473, , , 
LINDA, , MCKEON, , F, , 5/20/2012, 347-871-2504, 347-871-2504, 3140 KINGSBRIDGE AVENUE, 2B, BRONX, NY, 10463, , LMCKEON@AMGGT.COM, 

PATRICIA, , CASIANO, , F, , 6/11/1995, 267-542-6954, 267-542-6954, 123 EAST 129TH STREET, 2A, NEW YORK, NY, 10035, , , 
NICOLETTE, , CASIANO, , F, , 6/11/1995, 267-542-6954, 267-542-6954, , , , , , , , 

RAUL, , ZACHARY, , M, , 4/15/1998, 518-460-2762, 518-460-2762, MORNINGSIDE AVENUE, 53, NEW YORK, NY, 10026, , , JOHN DOE 
PHILLIP, , ZACHARY, , M, , 4/15/1998, 518-460-2762, 518-460-2762, 408 WEST 147TH STREET, PH, NEW YORK, NY, 10031, , PZACHARY@AMGGT.COM, 

TAMIKA, , BRINDLEY, , F, , 9/13/2008, 848-333-1970, 848-333-1970, 711 5TH AVENUE PH, , BROOKLYN, NY, 11215, KOVACH, TBRINDLEY@AMGGT.COM, 
FLORALDA, , BRINDLEY, , F, , 9/13/2008, 848-333-1970, 848-333-1970, 711 5TH AVENUE, , BROOKLYN, NY, 11215, , , JANE DOE 

DAVID, , MIRELES, , M, , 7/10/1998, 609-895-5199, 609-895-5199, 3505 21ST STREET, 1G, ASTORIA, NY, 11102, LAWSON, DMIRELES@AMGGT.COM, 
COREY, , MIRELES, , M, , 7/10/1998, 609-895-5199, 609-895-5199, , , , , , , , JOHN DOE 

SAVINA, , WONG, , F, , 11/4/1998, 609-941-4115, 609-941-4115, 157 ALLEN STREET, 1C, NEW YORK, NY, 10002, , , 
SAVANNAH, , WONG, , F, , 11/4/1998, 609-941-4115, 609-941-4115, 207 MADISON STREET, 2, NY, NY, 10002, , , JANE DOE 

MIA, , GATELY, , F, , 10/28/1990, 845-355-7186, 845-355-7186, 3555 BRUCKNER BOULEVARD, 4F, BRONX, NY, 10461, , , JANE DOE 
ELENA, , GATELY, , F, , 10/28/1990, 845-355-7186, 845-355-7186, 2518 BARNES AVENUE, PH, BRONX, NY, 10467, , EGATELY@AMGGT.COM, 

SUSAN, , BARRAGAN, , F, , 10/19/2011, 570-550-2217, 570-550-2217, 11262 DILLON STREET, PH, JAMAICA, NY, 11434, , SBARRAGAN@AMGGT.COM, 
ANA, , BARRAGAN, , F, , 10/19/2011, 570-550-2217, 570-550-2217, 11912 143RD STREET, PVH, JAMAICA, NY, 11436, , , 

MONA, , MOWREY, , F, , 8/9/1999, 718-514-5278, 718-514-5278, 1015 LONGFELLOW AVENUE, 2F, BRONX, NY, 10459, , , JANE DOE 
MARY, , MOWREY, , F, , 8/9/1999, 718-514-5278, 718-514-5278, 1339 PROSPECT AVENUE, 5A, BRONX, NY, 10459, , , 

FOREST, , TANNEN, , F, , 7/11/1999, 631-712-4427, 631-712-4427, 1154 EAST 229TH STREET, 12G, BRONX, NY, 10466, , , JANE DOE 
ELAINE, , TANNEN, , F, , 7/11/1999, 631-712-4427, 631-712-4427, 2762 DEWEY AVENUE, 1A, BRONX, NY, 10465, , , 

DONALD, , ACERRA, , M, , 6/10/1994, 718-138-4699, 718-138-4699, 883 68 STREET, , BROOKLYN, NY, 11220, , , JOHN DOE 
BRIAN, , ACERRA, , M, , 6/10/1994, 718-138-4699, 718-138-4699, 883 68TH STREET, , BROOKLYN, NY, 11220, , BACERRA@AMGGT.COM, 

RAVEN, , WEBER, , F, , 12/14/2010, 934-207-9237, 934-207-9237, 2785 UNIVERSITY AVENUE, 1H, BRONX, NY, 10468, SIEGLER, RWEBER@AMGGT.COM, 
EXZNEAIR, , WEBER, , F, , 12/14/2010, 934-207-9237, 934-207-9237, , , , , , , , 

KENYA, , SINENODAMASCENO, , F, , 8/19/2002, 934-448-8749, 934-448-8749, 534 WEST 153RD STREET, 2B, NEW YORK, NY, 10031, , , 
STEPHANIE, , SINENODAMASCENO, , F, , 8/19/2002, 934-448-8749, 934-448-8749, 130 WEST 228TH STREET, 5F, NY, NY, 10030, , , 

IAN, , PALMO, , M, , 12/11/1991, 609-128-4335, 609-128-4335, 2157 HOLLAND AVENUE, 4C, BRONX, NY, 10462, , , 
IAN, , PALMO, , M, , 12/11/1991, 845-571-4915, 845-571-4915, 2157 HOLLAND AVENUE, 4C, BRONX, NY, 10462, , IPALMO@AMGGT.COM, 

SARAH, , SINGH, , M, , 2/5/1966, 862-385-3241, , 1818 HAZEN STREET, , ELMHURST, NY, 11370, , , 
SCOTT, , SINGH, , M, , 2/5/1936, 848-495-7870, , 1818 HAZEN STREET, , EAST ELMHURST, NY, 11370, , , 

JORGE, , HERMAN, , M, , 5/17/2011, 212-814-3689, , 1420 WASHINTON AVENUE, 13G, BRONX, NY, 10456, , , 
TAJUAN, , HERMAN, , M, , 5/17/2011, 862-588-4502, , 1420 WASHINGTON AVENUE, 13G, BRONX, NY, 10456, , THERMAN@AMGGT.COM, 

JENNIFER, , PAN, , F, , 12/24/2005, 347-833-9166, , 462 1ST AVENUE, , NEW YORK, NY, 10016, , , 
HAILEY, , PAN, , F, , 12/24/2005, 570-272-3944, , 145 E 23RD STREET, , NEW YORK, NY, 10010, , , 

DEAN, , BLUM, , M, , 11/25/1999, , , 30 BEEKMAN PLACE, 3BC, NEW YORK, NY, 10022, , , 
WALTER, , BLUM, JR, M, , 11/25/1999, 908-176-6415, , 20 WATERSIDE PLAZA, 35J, NEW YORK, NY, 10010, , , 

BUANDON, , JACOQUIJADA, , M, , 10/24/2003, 845-227-8091, , 845 REV JAMES POLITE AVENUE, 2C, BRONX, NY, 10459, , , 
BRANDON, , JACOQUIJADA, , M, , 10/24/2003, 551-603-5653, , 1231 SHERIDAN AVENUE, 4, BRONX, NY, 10456, , , REGGIE ROBERT GREENFIELD 

ERICA, , SMALLWOOD, , F, , 2/25/2008, 201-782-2082, , 3674 3RD AVENUE, 2E, BRONX, NY, 10456, , , 
NATASHIA, , SMALLWOOD, , F, , 2/25/2008, , , 2910 LAFONTAINE AVENUE, 1, BRONX, NY, 10457, , NSMALLWOOD@AMGGT.COM, 

MARY, , OVERMAN, , U, , 10/9/2005, 845-365-9485, , 890 GARRISON AVENUE, SHEL, BRONX, NY, 10474, , , 
ALMA, , OVERMAN, , F, , 10/9/2005, , , 1513 TAYLOR AVENUE, 9, BRONX, NY, 10460, , AOVERMAN@AMGGT.COM, 

LIGDA, , CHAVIS, , F, , 10/15/1991, 959-301-3078, , , , , , , , , 
LINDA, , CHAVIS, , F, , 10/15/1991, , , 371 THIRD, ST, BROKKLYN, NY, 11215, , LCHAVIS@AMGGT.COM, 

JANIE, , BYERS, , F, , 12/27/2014, 570-271-2776, , 16401 FOCH BOULEVARD, PH, JAMAICA, NY, 11434, , , 
ALFREDA, , BYERS, , F, , 12/27/2014, 203-796-1047, , 10310 97TH AVENUE, 2K, OZONE PARK, NY, 11416, , ABYERS@AMGGT.COM, 

HARRY, , CALHOUN, , M, , 9/16/1958, 973-432-5693, , 19401 113TH AVENUE, PH, ST ALBANS, NY, 11412, , , 
WARRY, , CALHOUN, , M, , 9/15/1958, 203-341-3233, , 22809 135 STREET, PH, QNS VILLAGE, NY, 11429, , , 

MICHAEL, , PETERSON, , M, , 12/20/1966, 347-928-1968, , 1081 SHERIDAN AVENUE, 4C, BRONX, NY, 10456, , , 
MICHAEL, , PETERSON, , M, , 12/19/1966, 347-586-5306, , UNABLE TO OBTAIN, , BRONX, NY, 10455, , , 

STEVEN, , PRESTWOOD, , M, , 12/14/1939, 631-775-7448, , 462 FIRST AVENUE, , NEW YORK, NY, 10016, , , 
STEVEN, , PRESTWOOD, , M, , 12/15/1939, 201-498-6497, , 400 EAST 30TH STREET, , NEW YORK, NY, 10016, , , 

CARL, , SMITH, , M, , 12/25/1981, 201-937-4504, , 1515 HAZEN STREET, MDC, EAST ELMHURST, NY, 11370, , , 
CARL, , SMITH, , M, , 12/25/1971, 848-415-8640, , 229 WEST 152 STREET, 1A, NEW YORK, NY, 10023, , CSMITH@AMGGT.COM, 

GEORGE, , CHRYSIKOS, , M, , 8/7/2000, 347-110-4104, , 913 CROSS BAY BOULEVARD, PH, FAR ROCKAWAY, NY, 11693, , , 
THUY, , CHRYSIKOS, , M, , 8/7/2000, 959-820-1223, , 10718 GUY R BREWER BLV, PH, JAMAICA, NY, 11433, , , 

BLAKE, , LEWIS, , M, , 6/1/1960, 848-546-3917, , 11812 202 STREET, PH, ST ALBANS, NY, 11412, , , 
BRANDON, , LEWIS, , M, , 6/1/1960, 551-872-1817, , 18515 GALWAY AVENUE, PH, SAINT ALBANS, NY, 11412, , , 

JPNATHON, , BALDREE, , M, , 4/5/2005, 917-110-6351, , , , , , , , , 
JONATHON, , BALDREE, , M, , 4/5/2005, 203-843-9356, , , , , , , , , 

JESUS, , VEGAGUTIERREZ, , M, , 12/4/1944, 609-955-6054, , 30 EAST 96 STREET, 1F, BROOKLYN, NY, 11212, , , 
JESUS, , VEGAGUTIERREZ, , M, , 12/4/1974, 551-364-7335, , 22 EAST 52 STREET, 2R, BROOKLYN, NY, 11203, , , 

BRIAN, , KENNY, , M, , 12/19/1967, 929-683-8024, , , , , , , , , 
BRIAN, , KENNY, , M, , 12/19/1957, 516-257-2241, , 688 EAST 46TH STREET, PVT, BROOKLYN, NY, 11203, , , 

MADISON, , BROWN, , F, , 11/26/2013, 631-378-8714, , 2255 CRESTON AVENUE, A1, BRONX, NY, 10453, SPRAGUE, MBROWN@AMGGT.COM, 
SHELLY, , BROWN, , F, , 11/26/2013, 518-142-4085, , 2130 CRONTONA AVENUE, 2B, BRONX, NY, 10457, , , 

RICARDO, , LIMON, , M, , 12/18/1946, 203-942-1230, , 395 STREET JOHNS PLACE, 4C, BROOKLYN, NY, 11238, , , 
RICARDO, , LIMON, , M, , 12/18/1936, 862-213-7147, , 3310 AVENUE H, 4L, BROOKLYN, NY, 11210, , , 

CARL, , TAYLOR, , M, , 8/27/1937, 347-955-5029, , 528 MONROE STREET, 1 F, BROOKLYN, NY, 11221, , , 
CARL, , TAYLOR, , M, , 8/27/1947, 610-331-1089, , 719 SHEPHERD AVENUE, 2B, BROOKLYN, NY, 11237, , , 

AOTEAROA, , SCHUTZ, , M, , 11/23/1991, 848-109-2433, , , , , , , , , 
AOTEAROA, , SCHUTZ, , M, , 11/24/1991, 201-797-5059, , 462 FIRST AVENUE, , NEW YORK, NY, 10016, , , 

CATHERINE, , VITALE, , F, , 12/20/1935, 212-929-7185, , UNDOMICILED, XXXX, BRONX, NY, 10452, , , 
CATHERINE, , VITALE, , F, , 12/21/1935, 610-211-8776, , 1291 CLAY AVENUE, BSMT, BRONX, NY, 10456, , , 

ANZHELA, , ZARGAROVA, , F, , 12/9/1967, 862-635-6371, , 13516 115 STREET, PH, SOUTH OZONE PARK, NY, 11420, , , 
ANZHELA, , ZARGAROVA, , F, , 12/8/1967, 518-786-8239, , 16002 84 ROAD, PH, JAMAICA, NY, 11432, , AZARGAROVA@AMGGT.COM, 

JOSLYN, , HARTMAN, , F, , 11/26/2014, 347-404-5195, , 2051 ST RAYMEN AVENUE, 4G, BRONX, NY, 10462, , , 
LANA, , HARTMAN, , F, , 11/26/2014, 959-700-8386, , 2051 STREET RAYMOND, , BRONX, NY, 10462, , , 

HERIBERTO, , SCHWARZ, , M, , 9/17/2011, 631-402-7147, , 2390 HOFFMAN STREET, D3, BRONX, NY, 10458, MOLINARY, HSCHWARZ@AMGGT.COM, 
MICHAEL, , SCHWARZ, , M, , 9/17/2011, 917-381-1259, , 2390 HOSMER AVENUE, 3D, BRONX, NY, 10468, , , 

BRITTNEY, , SEIER, , F, , 11/9/2011, 860-436-4199, , 3344 DECATUR AVENUE, 2, BRONX, NY, 10468, , , 
NAILA, , SEIER, , F, , 11/9/2011, 484-185-5627, , 1329 COLLEGE AVENUE, 3H, BRONX, NY, 10456, , NSEIER@AMGGT.COM, 

CHRISTINE, , CRANDALL, , F, , 11/8/2003, 631-109-2396, , 421 EAST 102ND STREET, 2 C, NEW YORK, NY, 10029, , , 
CJRISTINE, , DRANDALL, , F, , 12/8/2003, 518-105-8533, , , , , , , , , 

EDDIE, , CUSTER, , M, , 12/11/1967, 732-973-7455, , , , , , , , , 
EDDIE, , CUSTER, , M, , 12/12/1967, 917-955-3594, , , , , , , , ECUSTER@AMGGT.COM, 

ALEXIS, , JEREMIAS, , F, , 5/11/1963, , , 249 MIDWOOD STREET, 3, BROOKLYN, NY, 11225, , , 
ALEXIS, , JEREMIAS, , F, , 5/10/1963, 212-971-9453, , 666 OCEAN AVENUE, , BROOKLYN, NY, 11226, , , 

JOHN, , BIRK, , M, , 12/19/1940, 201-858-7556, , 1309 WASHINGTON AVENUE, 7B, BRONX, NY, 10456, , , 
JOHN, , BIRK, , M, , 12/20/1940, 610-509-6157, , 1309 WASHINGTON AVENUE 9A, 9A, BRONX, NY, 10456, , JBIRK@AMGGT.COM, 

JANET, , HILL, , F, , 12/15/1969, 551-287-7817, , 10324 217 LA, UNK, QNS VILLAGE, NY, 11429, , , 
JANELLE, , HILL, , F, , 12/15/1939, 860-706-4263, , 10425 195 STREET, 5A, ST ALBANS, NY, 11412, , , 

CHELSEY, , TONER, , F, , 5/16/2012, 222-222-2222, , 2E 167 STREET, 1, BRONX, NY, 10452, , , 
KARLI, , TONER, , F, , 5/16/2012, 111-111-1111, , 2 EAST 167TH STREET, 1, BRONX, NY, 10452, , KTONER@AMGGT.COM, 

RAMON, , HIGGINS, , M, , 3/20/2011, 610-527-5919, , 41 WOODBINE STREET, , BROOKLYN, NY, 11221, , RHIGGINS@AMGGT.COM, 
RAMON, , TREFETHEN, , M, , 3/22/2011, 347-405-1473, , 41 WOODBINE STREET, 1, BROOKLYN, NY, 11206, , , 

MALLORY, , DARRINGTON, , F, , 7/12/1997, 203-260-9472, , , , , , , , , 
MALLORY, , SANTIAGO, , F, , 7/12/1997, 973-893-5753, , , , , , , , MSANTIAGO@AMGGT.COM, 

TRISTIN, , ATWOOD, , M, , 5/6/1921, 267-574-9410, , 1240 EAST 38 STREET, 1, BKLYN, NY, 11210, , TATWOOD@AMGGT.COM, 
TRISTIN, , ATWOOD, , M, , 5/25/1921, 201-196-3164, , 1240 EAST 38TH STREET, B1, BROOKLYN, NY, 11210, , , 

AMSER, , BROWN, , F, , 12/15/1956, 551-240-9312, , 3320 KOSOUTH AVENUE, BS, BRONX, NY, 10467, , , 
AMBER, , ABNER, , F, , 11/15/1956, 929-367-6515, , 3320 KOSSUTH AVENUE, BSMT, BRONX, NY, 10467, , , 

RICKIE, , BOHL, , M, , 12/22/1987, 934-137-6543, , 6516 PARSONS BOULEVARD, 2B, FRESH MEADOWS, NY, 11365, , RBOHL@AMGGT.COM, 
RLCKIE, , DOYAL, , M, , 12/22/1987, 484-127-4462, , 7115 BEACH AVENUE, 2M, FAR ROCKAWAY, NY, 11693, , , 

BARBARA, , LEON, , F, , 3/16/1942, 934-361-8040, , 3563 83 STREET, 5C, JACKSON HEIGHTS, NY, 11372, , BLEON@AMGGT.COM, 
BARBARA, , HECHT, , F, , 3/16/1942, , , 3534 84 STREET, F12, JACKSON HEIGHTS, NY, 11372, , , 

ARABELLA, , WASHINGTON, , F, , 12/26/1956, 732-535-4337, , 5 MINERVA PLACE, 4D, BRONX, NY, 10468, , , 
ARABELLA, , LUTTRELL, , F, , 12/27/1956, 732-610-6558, , 5 MINERVA PLACE, 4C, BRONX, NY, 10468, , , 

KRISTINA, , TICE, , F, , 10/12/1987, 860-373-9624, 201-266-6265^^860-373-9624, , , , , , , , 
KRISTINA, , TICE, , F, , 2/16/2006, 631-136-7348, 631-136-7348^^860-373-9624, 13235 SANDFORD AVENUE, PH, FLUSHING, NY, 11355, , , 

JOSE, , KNOLL, , M, , 12/25/1945, 203-509-9775, , 980 SIMPSON STREET, 1E, BRONX, NY, 10459, , , 
JOSE, , KNOLL, , M, , 12/11/1967, 610-799-9608, , 980 SIMPSON STREET1E, E1, BRONX, NY, 10459, , , 

VASILIA , , HERNANDEZ, , F, , 12/22/1952, 631-517-5118, , 210 AUTUM AVENUE, 1, BROOKLYN, NY, 11203, , VHERNANDEZ@AMGGT.COM, HERNANDEZ 
, , HRENANDEZ, , F, , 12/22/1942, 610-564-5326, , 210 AUTUMN AVENUE, PVT, BROOKLYN, NY, 11208, , , 

KENNETH, , DARCY, , M, , 5/30/1949, 860-392-4815, , 245 LENOX ROAD, 1B, BROOKLYN, NY, 11226, , , 
KENNMTH, , DQECY, , M, , 5/30/1939, 929-706-3997, , 245 LENOX ROAD, 1B, BROOKLYN, NY, 11226, , , 

DJUAN, , EASON, , M, , 3/5/1937, 860-707-8383, , 110 WILLIAM STREET, , NEW YORK, NY, 10038, , , 
DJUAN, , EASO, , M, , 3/6/1937, 959-925-2058, , 627 BROADWAY, 2B, NEW YORK, NY, 10031, , , 

BARBARA, , GEER, , F, , 10/10/1968, 917-637-2861, , , , , , , , , 
BARBARA, , DELGADO, , F, , 10/10/1968, 203-643-4362, , , , , , , , BDELGADO@AMGGT.COM, 

ANNA, , LRENER, , F, , 5/3/1962, 929-386-3187, , 1611 E172ND STREET, 2B, BRONX, NY, 10472, , , 
ANNA, , LERNER, , F, , 5/3/1969, 201-433-9973, , 1696 VYSE AVENUE, 6E, BRONX, NY, 10460, , ALERNER@AMGGT.COM, 

PATRICE, , STURGILL, , U, , 12/29/1926, 631-824-1983, , 301 E 156 STREET, 2C, BRONX, NY, 10451, , PSTURGILL@AMGGT.COM, 
PATRICE, , STURGILL, , F, , 7/29/1926, , , 301 EAST 156 STREET, 2C, BRONX, NY, 10451, , , 

SHERYL, , TALLENT, , F, , 12/10/2005, , , , , , , , , , 
MARIA, , TALLENT, , F, , 12/10/2005, 484-790-5622, 484-790-5622, , , , , , , , 
MARIA, , TALLENT, , F, , 12/10/2005, 484-790-5622, 484-790-5622, , , , , , , , 

LINDANA, , GREIG, , F, , 12/29/2008, , , , , , , , , , 
LINDA, , GREIG, , F, , 12/29/2008, 908-695-3258, 934-258-7395^^908-695-3258, , , , , , , , 
LINDA, , GREIG, , F, , 12/29/2008, , , , , , , , , LGREIG@AMGGT.COM, 

TRACY, , NOWACZYK, , F, , 12/9/2005, 347-527-5251, 201-262-4387^^347-527-5251, , , , , , , , 
TRACY, , NOWACZYK, , F, , 12/9/2005, 201-760-4792, 201-760-4792, , , , , , , , 
TRACY, , NOWACZYK, , F, , 12/9/1905, , , , , , , , , , 
